player_id,name,middle_name,surname,full_name,birthday,sex,role,height,weight,team_id,season_id,jersey_number,picture_url
Kc Rivers,Kc,,Rivers,Kc Rivers,1987-03-01,M,G,1.96,97,Zenit St Petersburg,20-21,1,https://media-cdn.incrowdsports.com/a1c2e45f-505d-409b-85c3-99a806c50885.png
Denis Zakharov,Denis,,Zakharov,Denis Zakharov,1993-08-06,M,G,1.92,93,Zenit St Petersburg,20-21,3,https://media-cdn.incrowdsports.com/63c6ca87-8892-46fe-85fb-8e8881193452.png
Kevin Pangos,Kevin,Joseph,Pangos,Kevin Pangos,1993-01-26,M,G,1.86,84,Zenit St Petersburg,20-21,4,https://media-cdn.incrowdsports.com/073f5dd1-3e97-46d4-a1ea-2d47509e1e7a.png
Vitaly Fridzon,Vitaly,,Fridzon,Vitaly Fridzon,1985-10-14,M,G,1.94,90,Zenit St Petersburg,20-21,7,https://media-cdn.incrowdsports.com/b1db3410-c6e2-41a6-9483-2eb7580ebdfb.png
Billy Baron,Billy,,Baron,Billy Baron,1990-12-11,M,G,1.88,88,Zenit St Petersburg,20-21,12,https://media-cdn.incrowdsports.com/21aeab26-7fe3-477c-8f69-1af45452e04e.png
Alex Poythress,Alex,,Poythress,Alex Poythress,1993-09-06,M,F,2.06,107,Zenit St Petersburg,20-21,22,https://media-cdn.incrowdsports.com/c9dab457-0a3e-4bd3-a45a-a3c67baf2119.png
Arturas Gudaitis,Arturas,,Gudaitis,Arturas Gudaitis,1993-06-19,M,C,2.13,121,Zenit St Petersburg,20-21,77,https://media-cdn.incrowdsports.com/f95b5511-3b73-4e5e-b1b7-88a10c10aa8c.png
Aaron Harrison,Aaron,Malik,Harrison,Aaron Harrison,1994-10-28,M,G,1.98,93,Olympiacos Piraeus,20-21,2,https://media-cdn.incrowdsports.com/ebb6e617-4b7d-47a9-9299-f4597cad4922.png
Kostas Sloukas,Kostas,,Sloukas,Kostas Sloukas,1990-01-15,M,G,1.9,87,Olympiacos Piraeus,20-21,11,https://media-cdn.incrowdsports.com/a327f72c-65bd-4c37-a57f-423a29558493.png
Hassan Martin,Hassan,,Martin,Hassan Martin,1995-11-22,M,C,2.01,104,Olympiacos Piraeus,20-21,12,https://media-cdn.incrowdsports.com/8635a4c9-b475-427a-a012-abea480c06c7.png
Livio Jean-Charles,Livio,Philippe,Jean-Charles,Livio Jean-Charles,1993-11-08,M,F,2.05,105,Olympiacos Piraeus,20-21,17,https://media-cdn.incrowdsports.com/785a94e5-059c-4a30-ab07-1c2783e9f5a2.png
Charles Jenkins,Charles,,Jenkins,Charles Jenkins,1989-02-28,M,G,1.91,98,Olympiacos Piraeus,20-21,22,https://media-cdn.incrowdsports.com/8c066c12-d0a2-4efd-b648-66abbf812216.png
Augustine Rubit,Augustine,,Rubit,Augustine Rubit,1989-08-14,M,F,2.03,104,Zalgiris Kaunas,20-21,24,https://media-cdn.incrowdsports.com/407e240a-89c1-437c-833e-0681bca65894.png
Steve Vasturia,Steve,,Vasturia,Steve Vasturia,1995-02-10,M,G,1.96,92,Zalgiris Kaunas,20-21,32,https://media-cdn.incrowdsports.com/5a561530-f476-4282-b3f4-12a563ea1fa1.png
Joffrey Lauvergne,Joffrey,Stephane Morgan,Lauvergne,Joffrey Lauvergne,1991-09-30,M,C,2.11,116,Zalgiris Kaunas,20-21,77,https://media-cdn.incrowdsports.com/51f9d2b6-b205-4078-921e-895a3ad8a88d.png
Elijah Bryant,Elijah,Brigham,Bryant,Elijah Bryant,1995-04-19,M,G,1.96,95,Maccabi Playtika Tel Aviv,20-21,0,https://media-cdn.incrowdsports.com/b9b5b0c3-179f-49d0-83ab-af03ee029469.png
Scottie Wilbekin,Scottie,,Wilbekin,Scottie Wilbekin,1993-04-05,M,G,1.88,80,Maccabi Playtika Tel Aviv,20-21,1,https://media-cdn.incrowdsports.com/f0891eef-c4c2-41e7-acef-c1109ff2afa9.png
Chris Jones,Chris,,Jones,Chris Jones,1993-04-10,M,G,1.88,85,Maccabi Playtika Tel Aviv,20-21,3,https://media-cdn.incrowdsports.com/a1feeb0f-13ca-44d0-a78c-25cb9f88b8aa.png
Angelo Caloiaro,Angelo,Dominik,Caloiaro,Angelo Caloiaro,1989-07-28,M,F,2.03,102,Maccabi Playtika Tel Aviv,20-21,4,https://media-cdn.incrowdsports.com/022d8883-1812-439a-b88c-9b03ccb2d77a.png
Othello Hunter,Othello,Tegba,Hunter,Othello Hunter,1986-05-28,M,C,2.03,102,Maccabi Playtika Tel Aviv,20-21,5,https://media-cdn.incrowdsports.com/ccf6a1e6-4a3b-41f2-9bb4-dfb2f20de530.png
Sandy Cohen,Sandy,,Cohen,Sandy Cohen,1995-09-22,M,G,1.98,85,Maccabi Playtika Tel Aviv,20-21,6,https://media-cdn.incrowdsports.com/4db387a4-1ffe-4542-a925-684985ba4e74.png
Tyler Dorsey,Tyler,Quincy,Dorsey,Tyler Dorsey,1996-02-18,M,G,1.96,83,Maccabi Playtika Tel Aviv,20-21,11,https://media-cdn.incrowdsports.com/810f69be-436f-4ff0-86e0-cd281af833e6.png
Oz Blayzer,Oz,,Blayzer,Oz Blayzer,1992-12-29,M,F,2.0,100,Maccabi Playtika Tel Aviv,20-21,14,https://media-cdn.incrowdsports.com/3b94f4dd-aebe-4b66-a42b-4a424bdb7bc5.png
Dragan Bender,Dragan,,Bender,Dragan Bender,1997-11-17,M,F,2.11,85,Maccabi Playtika Tel Aviv,20-21,17,
Dori Sahar,Dori,,Sahar,Dori Sahar,2001-01-08,M,F,1.95,82,Maccabi Playtika Tel Aviv,20-21,18,https://media-cdn.incrowdsports.com/e26b7092-a890-4b0a-a1e2-0d96d1b1a576.png
Ante Zizic,Ante,Toni,Zizic,Ante Zizic,1997-01-04,M,C,2.1,121,Maccabi Playtika Tel Aviv,20-21,23,https://media-cdn.incrowdsports.com/159ae9db-9a13-40d0-b653-77bb050d349a.png
Yonatan Atias,Yonatan,,Atias,Yonatan Atias,2001-01-26,M,C,2.05,106,Maccabi Playtika Tel Aviv,20-21,25,https://media-cdn.incrowdsports.com/44ea76d7-94fa-40ee-8e81-634dc9fb27a1.png
Maodo Lo,Maodo,Sylvester Luis,Lo,Maodo Lo,1992-12-31,M,G,1.91,82,ALBA Berlin,20-21,0,https://media-cdn.incrowdsports.com/685d1f8b-9aca-4848-a7e2-9ad6a7f0115b.png
Louis Olinde,Louis,Franklin,Olinde,Louis Olinde,1998-03-19,M,F,2.05,87,ALBA Berlin,20-21,19,https://media-cdn.incrowdsports.com/d7dd0892-c52f-4819-8bb8-ac4ba2dc30d5.png
Simone Fontecchio,Simone,,Fontecchio,Simone Fontecchio,1995-12-09,M,F,2.03,96,ALBA Berlin,20-21,20,https://media-cdn.incrowdsports.com/71609a47-3957-442d-8dfd-01d98a16a131.png
Jayson Granger,Jayson,Antoine,Granger,Jayson Granger,1989-09-15,M,G,1.89,97,ALBA Berlin,20-21,33,https://media-cdn.incrowdsports.com/9bc2abd0-f3bc-45a6-b97e-6326c72085a7.png
Ben Lammers,Ben,,Lammers,Ben Lammers,1995-11-12,M,C,2.08,104,ALBA Berlin,20-21,50,https://media-cdn.incrowdsports.com/88db7db4-24a7-48ab-9aee-ee2374b5be03.png
Nick Calathes,Nick,,Calathes,Nick Calathes,1989-02-07,M,G,1.96,94,FC Barcelona,20-21,99,https://media-cdn.incrowdsports.com/4061404d-0342-4a1d-95c2-3084104a17a7.png
Tornike Shengelia,Tornike,,Shengelia,Tornike Shengelia,1991-10-05,M,F,2.06,103,CSKA Moscow,20-21,23,https://media-cdn.incrowdsports.com/064e5ca5-9dd2-4cf2-9f1b-d209baad6343.png
Klemen Prepelic,Klemen,,Prepelic,Klemen Prepelic,1992-10-20,M,G,1.91,91,Valencia Basket,20-21,3,https://media-cdn.incrowdsports.com/a0d0d576-ec90-4c24-b02e-4251effc7ffc.png
Jaime Pradilla,Jaime,,Pradilla,Jaime Pradilla,2001-01-03,M,C,2.05,100,Valencia Basket,20-21,4,https://media-cdn.incrowdsports.com/dd4f7883-da5d-48dc-a0ce-81fa2903fb55.png
Nikola Kalinic,Nikola,,Kalinic,Nikola Kalinic,1991-11-08,M,F,2.02,102,Valencia Basket,20-21,12,https://media-cdn.incrowdsports.com/67394dd0-f7ef-46d1-a01e-6dc50d80c151.png
Derrick Williams,Derrick,Le Ron,Williams,Derrick Williams,1991-05-25,M,F,2.06,109,Valencia Basket,20-21,21,https://media-cdn.incrowdsports.com/d5eaa0f4-8123-409e-a115-fa4d49adf70c.png
Martin Hermannsson,Martin,,Hermannsson,Martin Hermannsson,1994-09-16,M,G,1.9,87,Valencia Basket,20-21,24,https://media-cdn.incrowdsports.com/b0c32698-4684-4b33-9051-75deffbce00d.png
Allerik Freeman,Allerik,Juwan,Freeman,Allerik Freeman,1994-10-30,M,G,1.9,85,LDLC ASVEL Villeurbanne,20-21,2,https://media-cdn.incrowdsports.com/f4edda98-8310-48da-8fc5-890ab531041c.png
Paul Lacombe,Paul,,Lacombe,Paul Lacombe,1990-06-12,M,G,1.98,98,LDLC ASVEL Villeurbanne,20-21,6,https://media-cdn.incrowdsports.com/76e8f927-9c99-4fa7-a8c2-20907f1fd1ac.png
Moustapha Fall,Moustapha,Falou,Fall,Moustapha Fall,1992-02-23,M,C,2.18,127,LDLC ASVEL Villeurbanne,20-21,10,https://media-cdn.incrowdsports.com/dd11eb37-f838-4a8f-bdcc-ad1eceba4b0e.png
Kevarrius Hayes,Kevarrius,Keshawn,Hayes,Kevarrius Hayes,1997-03-05,M,F,2.06,103,LDLC ASVEL Villeurbanne,20-21,13,https://media-cdn.incrowdsports.com/a32a55b4-6c7e-4f16-8341-6829ace7428e.png
William Howard,William,Henri Audie,Howard,William Howard,1993-10-25,M,F,2.03,94,LDLC ASVEL Villeurbanne,20-21,25,https://media-cdn.incrowdsports.com/e8e4cc5f-a5a6-4604-88d5-2e98519cb204.png
Norris Cole,Norris,Gene,Cole,Norris Cole,1988-10-13,M,G,1.88,79,LDLC ASVEL Villeurbanne,20-21,30,https://media-cdn.incrowdsports.com/f0064737-d8dc-48b0-89b8-bb29fe211975.png
Evgeny Voronov,Evgeny,,Voronov,Evgeny Voronov,1986-05-07,M,G,1.94,95,Khimki Moscow Region,20-21,18,https://media-cdn.incrowdsports.com/5ea13ad3-ab46-462b-87e3-5155aec20269.png
Eleftherios Bochoridis,Eleftherios,,Bochoridis,Eleftherios Bochoridis,1994-04-18,M,G,1.96,91,Panathinaikos OPAP Athens,20-21,7,https://media-cdn.incrowdsports.com/c061b2d5-a918-42fb-907f-a79148a0d510.png
Zach Auguste,Zach,,Auguste,Zach Auguste,1993-07-08,M,C,2.08,100,Panathinaikos OPAP Athens,20-21,8,https://media-cdn.incrowdsports.com/cec8324c-3625-4807-b787-7e1a8434ddd6.png
Nikos Diplaros,Nikos,,Diplaros,Nikos Diplaros,1997-06-28,M,G,1.9,82,Panathinaikos OPAP Athens,20-21,12,https://media-cdn.incrowdsports.com/848ee7c7-2299-4d5a-a19c-84adb8f7977f.png
Leonidas Kaselakis,Leonidas,,Kaselakis,Leonidas Kaselakis,1990-06-01,M,F,2.02,107,Panathinaikos OPAP Athens,20-21,14,https://media-cdn.incrowdsports.com/9697011e-c2bb-4a5a-a2ca-e8f2b04cee5b.png
Marcus Foster,Marcus,,Foster,Marcus Foster,1995-06-03,M,G,1.91,93,Panathinaikos OPAP Athens,20-21,17,https://media-cdn.incrowdsports.com/e44b1027-71dd-4c36-acb1-636442be4fff.png
Nikolaos Persidis,Nikolaos,,Persidis,Nikolaos Persidis,1995-09-08,M,F,2.0,99,Panathinaikos OPAP Athens,20-21,18,https://media-cdn.incrowdsports.com/f75bde94-4a15-4008-9d4e-0a6b0a1c9756.png
Nemanja Nedovic,Nemanja,,Nedovic,Nemanja Nedovic,1991-06-16,M,G,1.92,89,Panathinaikos OPAP Athens,20-21,26,https://media-cdn.incrowdsports.com/58749bba-693b-409a-94bb-1a181009b128.png
Ben Bentil,Ben,,Bentil,Ben Bentil,1995-03-29,M,F,2.04,120,Panathinaikos OPAP Athens,20-21,50,https://media-cdn.incrowdsports.com/72551c63-d91a-4d44-a158-f70e1497e44a.png
Johnathan Hamilton,Johnathan,,Hamilton,Johnathan Hamilton,1994-02-03,M,C,2.13,104,Fenerbahce Beko Istanbul,20-21,2,https://media-cdn.incrowdsports.com/db889d3f-0b24-4bf7-bbb9-1e6546192f95.png
Lorenzo Brown,Lorenzo,D Ontez,Brown,Lorenzo Brown,1990-08-26,M,G,1.96,89,Fenerbahce Beko Istanbul,20-21,4,https://media-cdn.incrowdsports.com/8b2d88fd-3f32-4b9a-b2e4-cb4d2f06d27c.png
Dyshawn Pierre,Dyshawn,Dylan,Pierre,Dyshawn Pierre,1993-11-17,M,F,1.98,104,Fenerbahce Beko Istanbul,20-21,21,https://media-cdn.incrowdsports.com/d5f2cd0f-8f09-4ba2-9bb2-5486e8ef89c7.png
Danilo Barthel,Danilo,Timon,Barthel,Danilo Barthel,1991-10-24,M,F,2.08,88,Fenerbahce Beko Istanbul,20-21,22,https://media-cdn.incrowdsports.com/cf824e37-6c27-435e-9760-8da28f88907d.png
Jarell Eddie,Jarell,Alexander,Eddie,Jarell Eddie,1991-10-30,M,F,2.01,100,Fenerbahce Beko Istanbul,20-21,31,https://media-cdn.incrowdsports.com/884e7f9f-c27d-4d51-96cc-b56f6c0f2d47.png
Edgaras Ulanovas,Edgaras,,Ulanovas,Edgaras Ulanovas,1992-01-07,M,F,1.99,99,Fenerbahce Beko Istanbul,20-21,92,https://media-cdn.incrowdsports.com/391278b6-ff30-4707-8884-5d10e399efb3.png
Langston Hall,Langston,Avery,Hall,Langston Hall,1991-11-01,M,G,1.92,85,Crvena Zvezda mts Belgrade,20-21,1,https://media-cdn.incrowdsports.com/abb95d9d-9064-4db9-b2f1-61536348bdb7.png
Torrian Walden,Torrian,Torrian,Walden,Torrian Walden,1992-08-05,M,G,1.88,86,Crvena Zvezda mts Belgrade,20-21,2,https://media-cdn.incrowdsports.com/540f2189-5a68-49df-b142-5e1cef8da671.png
Jordan Loyd,Jordan,Kenneth,Loyd,Jordan Loyd,1993-07-27,M,G,1.93,80,Crvena Zvezda mts Belgrade,20-21,3,https://media-cdn.incrowdsports.com/61877e3b-2027-4544-8675-280d6f35e608.png
Duop Reath,Duop,,Reath,Duop Reath,1996-06-26,M,C,2.1,111,Crvena Zvezda mts Belgrade,20-21,11,https://media-cdn.incrowdsports.com/f16d81b3-0a14-40bf-ae49-30c7291ed10d.png
Aleksa Radanov,Aleksa,,Radanov,Aleksa Radanov,1998-02-01,M,G,2.02,91,Crvena Zvezda mts Belgrade,20-21,12,https://media-cdn.incrowdsports.com/fa255e5f-8651-47b6-b8ca-45eec4b44324.png
Marko Simonovic,Marko,,Simonovic,Marko Simonovic,1986-05-30,M,F,,,Crvena Zvezda mts Belgrade,20-21,19,https://media-cdn.incrowdsports.com/a182d944-3551-4f09-ac5f-ccae44495854.png
Nick Weiler-Babb,Nick,,Weiler-Babb,Nick Weiler-Babb,1995-12-12,M,G,1.96,91,FC Bayern Munich,20-21,0,https://media-cdn.incrowdsports.com/ce035167-f90d-4f8a-a946-8882a4a34611.png
Wade Baldwin,Wade,M,Baldwin,Wade Baldwin,1996-03-29,M,G,1.93,90,FC Bayern Munich,20-21,2,https://media-cdn.incrowdsports.com/0cbc0537-7012-41c1-a98f-b94c3385fa4f.png
Jalen Reynolds,Jalen,,Reynolds,Jalen Reynolds,1992-12-30,M,C,2.07,105,FC Bayern Munich,20-21,8,https://media-cdn.incrowdsports.com/d45f454c-556f-4e10-a1bf-71fc95bc788a.png
Jajuan Johnson,Jajuan,Markeis,Johnson,Jajuan Johnson,1989-02-08,M,F,2.08,98,FC Bayern Munich,20-21,25,https://media-cdn.incrowdsports.com/7a9c5092-6ca5-4035-897f-0c1c8e363d8a.png
Zach Leday,Zach,,Leday,Zach Leday,1994-05-30,M,C,2.02,108,AX Armani Exchange Milan,20-21,2,https://media-cdn.incrowdsports.com/1ab9aadf-0139-4ecd-9407-4c6eec2514de.png
Davide Moretti,Davide,,Moretti,Davide Moretti,1998-03-25,M,G,1.89,82,AX Armani Exchange Milan,20-21,3,https://media-cdn.incrowdsports.com/03bf269a-f0ee-4566-8173-2384d5ddbbd1.png
Malcolm Delaney,Malcolm,Hakeem,Delaney,Malcolm Delaney,1989-03-11,M,G,1.91,87,AX Armani Exchange Milan,20-21,23,https://media-cdn.incrowdsports.com/b6f8cffa-00cf-43ec-bd27-00ed9b86bb90.png
Shavon Shields,Shavon,Oday Stokholm,Shields,Shavon Shields,1994-06-05,M,F,2.01,97,AX Armani Exchange Milan,20-21,31,https://media-cdn.incrowdsports.com/98180021-78e2-4447-8cc9-e19e3e8417f2.png
Kyle Hines,Kyle,Tyrrell,Hines,Kyle Hines,1986-09-02,M,C,1.98,109,AX Armani Exchange Milan,20-21,42,https://media-cdn.incrowdsports.com/4340fa6e-4ec3-4dfa-96b9-fc1c5632a19e.png
Luigi Datome,Luigi,,Datome,Luigi Datome,1987-11-27,M,F,2.03,98,AX Armani Exchange Milan,20-21,70,https://media-cdn.incrowdsports.com/65e47701-e45b-42f7-834a-098fa303ebb9.png
Sander Raieste,Sander,,Raieste,Sander Raieste,1999-03-31,M,F,2.04,95,TD Systems Baskonia Vitoria-Gasteiz,20-21,2,https://media-cdn.incrowdsports.com/dcb07f45-94af-4a0e-af95-428f815cd6fe.png
Luca Vildoza,Luca,,Vildoza,Luca Vildoza,1995-08-11,M,G,1.91,86,TD Systems Baskonia Vitoria-Gasteiz,20-21,3,https://media-cdn.incrowdsports.com/a269118e-8c16-4c33-a450-2de9c04c41a8.png
Tonye Jekiri,Tonye,Frank,Jekiri,Tonye Jekiri,1994-07-23,M,C,2.12,100,TD Systems Baskonia Vitoria-Gasteiz,20-21,5,https://media-cdn.incrowdsports.com/4056a017-231f-4344-8e5b-b59b05421635.png
Pierria Henry,Pierria,Lee Vaughntay,Henry,Pierria Henry,1993-01-20,M,G,1.93,88,TD Systems Baskonia Vitoria-Gasteiz,20-21,7,https://media-cdn.incrowdsports.com/cd3116fe-8e36-4116-96a9-f5324da8612f.png
Tadas Sedekerskis,Tadas,,Sedekerskis,Tadas Sedekerskis,1998-01-17,M,F,2.0,98,TD Systems Baskonia Vitoria-Gasteiz,20-21,8,https://media-cdn.incrowdsports.com/ebad2b30-2a5d-49ae-be81-749bf4e11e1b.png
Ilimane Diop,Ilimane,,Diop,Ilimane Diop,1995-04-04,M,C,2.11,98,TD Systems Baskonia Vitoria-Gasteiz,20-21,12,https://media-cdn.incrowdsports.com/e111d8d6-a535-44ed-8b7a-2b40cec072af.png
Youssoupha Fall,Youssoupha,,Fall,Youssoupha Fall,1995-01-12,M,C,2.21,123,TD Systems Baskonia Vitoria-Gasteiz,20-21,19,https://media-cdn.incrowdsports.com/7222bbe8-67fe-44ba-8da4-6148c589d288.png
Alec Peters,Alec,Jeffrey,Peters,Alec Peters,1995-04-13,M,C,2.06,107,TD Systems Baskonia Vitoria-Gasteiz,20-21,25,https://media-cdn.incrowdsports.com/a16b156b-239a-4515-aef5-10e7092e4d82.png
Zoran Dragic,Zoran,,Dragic,Zoran Dragic,1989-06-22,M,F,1.96,90,TD Systems Baskonia Vitoria-Gasteiz,20-21,30,https://media-cdn.incrowdsports.com/cb2e7e5a-7ba5-48d8-a31d-c1bf69f170f4.png
Rokas Giedraitis,Rokas,,Giedraitis,Rokas Giedraitis,1992-08-16,M,F,2.0,90,TD Systems Baskonia Vitoria-Gasteiz,20-21,31,https://media-cdn.incrowdsports.com/70fff793-375b-4023-975b-95827c2ebdcb.png
Achille Polonara,Achille,,Polonara,Achille Polonara,1991-11-23,M,C,2.05,90,TD Systems Baskonia Vitoria-Gasteiz,20-21,33,https://media-cdn.incrowdsports.com/ea272b7c-a9c9-45ce-a975-4992c412f582.png
Arturs Kurucs,Arturs,,Kurucs,Arturs Kurucs,2000-01-19,M,G,1.9,90,TD Systems Baskonia Vitoria-Gasteiz,20-21,47,https://media-cdn.incrowdsports.com/aa5001cf-72ed-46fd-8644-0dedc666c338.png
Alberto Abalde,Alberto,,Abalde,Alberto Abalde,1995-12-15,M,F,2.02,95,Real Madrid,20-21,6,https://media-cdn.incrowdsports.com/2dd638e6-ce2e-4c17-a4d0-d9bec23ce617.png
Carlos Alocen,Carlos,,Alocen,Carlos Alocen,2000-12-30,M,G,1.94,,Real Madrid,20-21,12,https://media-cdn.incrowdsports.com/0abeed62-d46d-4880-8c28-4096ac752bc2.png
Eidan Alber,Eidan,,Alber,Eidan Alber,2000-01-25,M,G,1.94,85,Maccabi Playtika Tel Aviv,20-21,24,https://media-cdn.incrowdsports.com/127cb77d-5377-44dc-b7a6-a9dca52b664f.png
Erten Gazi,Erten,,Gazi,Erten Gazi,1997-06-15,M,G,1.9,96,Anadolu Efes Istanbul,20-21,11,https://media-cdn.incrowdsports.com/62f1f363-78a7-4a0b-b4ec-2fabd5b85e7d.png
Igor Volkhin,Igor,,Volkhin,Igor Volkhin,1997-10-30,M,F,1.99,88,Zenit St Petersburg,20-21,8,https://media-cdn.incrowdsports.com/7716ed08-ea0a-4e57-82e9-bfb94dfb3045.png
Keifer Sykes,Keifer,J,Sykes,Keifer Sykes,1993-12-30,M,G,1.83,77,Panathinaikos OPAP Athens,20-21,28,
Aaron White,Aaron,Richard,White,Aaron White,1992-09-10,M,F,2.06,99,Panathinaikos OPAP Athens,20-21,30,https://media-cdn.incrowdsports.com/4541d7c5-a431-40d1-bc10-a38f91d4765a.png
Howard Sant-Roos,Howard,Powell,Sant-Roos,Howard Sant-Roos,1991-02-13,M,G,2.01,85,Panathinaikos OPAP Athens,20-21,74,https://media-cdn.incrowdsports.com/f6b72786-6234-4e2d-b914-44f732a7c734.png
Giannoulis Larentzakis,Giannoulis,,Larentzakis,Giannoulis Larentzakis,1993-09-22,M,G,1.96,88,Olympiacos Piraeus,20-21,5,https://media-cdn.incrowdsports.com/31a932f4-b09c-4e79-b353-c3b902608e63.png
Malcolm Thomas,Malcolm,Iseiah,Thomas,Malcolm Thomas,1988-11-08,M,C,2.06,103,FC Bayern Munich,20-21,9,https://media-cdn.incrowdsports.com/d67426dd-0c9c-4738-8b06-8566c28bd8bd.png
Vladislav Odinokov,Vladislav,,Odinokov,Vladislav Odinokov,2000-03-22,M,F,2.02,79,Khimki Moscow Region,20-21,17,https://media-cdn.incrowdsports.com/ef060861-b6dd-4346-85ac-b6402df30693.png
Marek Blazevic,Marek,,Blazevic,Marek Blazevic,2001-09-01,M,C,2.11,112,Zalgiris Kaunas,20-21,1,https://media-cdn.incrowdsports.com/ba855253-b059-4c44-8475-9cc8229af52f.png
Yury Umrikhin,Yury,,Umrikhin,Yury Umrikhin,1999-06-28,M,G,1.88,75,CSKA Moscow,20-21,32,
Vladislav Sharapov,Vladislav,,Sharapov,Vladislav Sharapov,1999-11-17,M,F,2.03,120,Khimki Moscow Region,20-21,13,
Ivan Evstigneev,Ivan,,Evstigneev,Ivan Evstigneev,1999-03-26,M,G,1.95,82,Khimki Moscow Region,20-21,50,
Nikola Milutinov,Nikola,,Milutinov,Nikola Milutinov,1994-12-30,M,C,2.13,114,CSKA Moscow,20-21,33,https://media-cdn.incrowdsports.com/24c4afdc-a12f-446f-8ee4-98d20cf1d636.png
Taylor Rochestie,Taylor,Campbell,Rochestie,Taylor Rochestie,1985-07-01,M,G,1.86,88,Crvena Zvezda mts Belgrade,20-21,0,
Corey Walden,Corey,Torrian,Walden,Corey Walden,1992-08-05,M,G,1.88,86,Crvena Zvezda mts Belgrade,20-21,2,https://media-cdn.incrowdsports.com/540f2189-5a68-49df-b142-5e1cef8da671.png
Emanuel Terry,Emanuel,Davon,Terry,Emanuel Terry,1996-08-21,M,C,2.06,102,Crvena Zvezda mts Belgrade,20-21,33,
Josep Puerto,Josep,,Puerto,Josep Puerto,1999-03-08,M,G,2.0,80,Valencia Basket,20-21,6,
Errick McCollum,Errick,Lane,McCollum,Errick McCollum,1988-01-22,M,G,1.88,87,Khimki Moscow Region,20-21,3,
Greg Monroe,Greg,,Monroe,Greg Monroe,1990-06-04,M,C,2.11,120,Khimki Moscow Region,20-21,15,https://media-cdn.incrowdsports.com/5aac1f62-ee01-4fdd-8f7b-59b93f8cff68.png
Kevin Punter,Kevin,Xavier,Punter,Kevin Punter,1993-06-25,M,G,1.93,83,AX Armani Exchange Milan,20-21,0,https://media-cdn.incrowdsports.com/74945e63-e280-4431-98a2-dd7fbe16245d.png
Elwin Ndjock,Elwin,,Ndjock,Elwin Ndjock,2001-08-05,M,F,1.93,84,LDLC ASVEL Villeurbanne,20-21,11,
Kymany Houinsou,Kymany,,Houinsou,Kymany Houinsou,2004-01-06,M,G,1.96,80,LDLC ASVEL Villeurbanne,20-21,16,
Johnny Hamilton,Johnny,,Hamilton,Johnny Hamilton,1994-02-03,M,C,2.13,104,Fenerbahce Beko Istanbul,20-21,2,https://media-cdn.incrowdsports.com/db889d3f-0b24-4bf7-bbb9-1e6546192f95.png
Johnny O'Bryant,Johnny,Lee,O'Bryant,Johnny O'Bryant,1993-06-01,M,F,2.04,117,Crvena Zvezda mts Belgrade,20-21,00,
Tj Bray,Tj,,Bray,Tj Bray,1992-06-14,M,G,1.96,97,FC Bayern Munich,20-21,5,https://media-cdn.incrowdsports.com/b8006759-6e3d-4570-832c-95a8aab718d4.png
Shelvin Mack,Shelvin,Bernard,Mack,Shelvin Mack,1990-04-22,M,G,1.91,92,Panathinaikos OPAP Athens,20-21,0,
Kenan Sipahi,Kenan,,Sipahi,Kenan Sipahi,1995-05-26,M,G,1.97,88,Fenerbahce Beko Istanbul,20-21,25,https://media-cdn.incrowdsports.com/940a8dda-73b7-4a6c-82c0-340d90eaa8d9.png
Aleksa Uskokovic,Aleksa,,Uskokovic,Aleksa Uskokovic,1999-08-30,M,G,1.94,86,Crvena Zvezda mts Belgrade,20-21,4,https://media-cdn.incrowdsports.com/13a3fc3b-7bb9-4850-a7e3-efbb24014c06.png
John Dibartolomeo,John,Daniel,Dibartolomeo,John Dibartolomeo,1991-06-20,M,G,1.83,90,Maccabi Playtika Tel Aviv,20-21,12,https://media-cdn.incrowdsports.com/fb2ad259-0c6a-46e3-9c8d-e0193c2e0f8d.png
Matej Rudan,Matej,,Rudan,Matej Rudan,2001-03-21,M,F,2.05,100,FC Bayern Munich,20-21,66,https://media-cdn.incrowdsports.com/82c3abbe-71d5-4357-897a-d3ae5d3eafed.png
Omri Casspi,Omri,Moshe,Casspi,Omri Casspi,1988-06-22,M,F,2.05,102,Maccabi Playtika Tel Aviv,20-21,7,https://media-cdn.incrowdsports.com/49775691-0a57-42fa-9fd4-4ce39a128d68.png
Yovel Zoosman,Yovel,,Zoosman,Yovel Zoosman,1998-05-12,M,G,2.0,90,Maccabi Playtika Tel Aviv,20-21,50,https://media-cdn.incrowdsports.com/96fd348a-bb8e-42fa-939a-2acd19b177b6.png
Dennis Seeley,Dennis,Jerome,Seeley,Dennis Seeley,1989-11-28,M,G,1.93,90,FC Bayern Munich,20-21,4,
Quino Colom,Quino,,Colom,Quino Colom,1988-11-01,M,G,1.88,88,Crvena Zvezda mts Belgrade,20-21,55,
James Gist,James,Clough,Gist,James Gist,1986-10-26,M,F,2.04,108,FC Bayern Munich,20-21,21,
Ibou Badji,Ibou,Dianko,Badji,Ibou Badji,2002-10-13,M,C,2.15,110,FC Barcelona,20-21,17,https://media-cdn.incrowdsports.com/37c2cda1-bba1-4fc2-b56e-56332fa8aaad.png
Brancou Badio,Brancou,El Hadji Omar,Badio,Brancou Badio,1999-02-17,M,G,1.91,80,FC Barcelona,20-21,25,
Landry Nnoko,Landry,Christ,Nnoko,Landry Nnoko,1994-04-09,M,C,2.08,111,Crvena Zvezda mts Belgrade,20-21,35,
Leo Westermann,Leo,Joseph Paul,Westermann,Leo Westermann,1992-07-24,M,G,1.98,90,FC Barcelona,20-21,2,https://media-cdn.incrowdsports.com/70f35889-5020-440f-8823-998b19d21b05.png
Derrick Walton,Derrick,Andre,Walton,Derrick Walton,1995-04-03,M,G,1.85,86,LDLC ASVEL Villeurbanne,20-21,14,
Alex Tyus,Alex,,Tyus,Alex Tyus,1988-01-08,M,C,2.04,101,Real Madrid,20-21,7,
Boris Tisma,Boris,,Tisma,Boris Tisma,2002-02-20,M,F,2.05,90,Real Madrid,20-21,35,https://media-cdn.incrowdsports.com/b7242d3b-b202-45e4-a8fd-7a9c78349a90.png
Alex Perez,Alex,Daniel,Perez,Alex Perez,1993-07-01,M,G,1.91,86,Fenerbahce Beko Istanbul,20-21,5,
Alexander Shashkov,Alexander,,Shashkov,Alexander Shashkov,2000-02-26,M,F,2.1,104,CSKA Moscow,20-21,51,
Marcus Franklee Foster,Marcus Franklee,,Foster,Marcus Franklee Foster,1995-06-03,M,G,1.91,93,Panathinaikos OPAP Athens,20-21,17,https://media-cdn.incrowdsports.com/e44b1027-71dd-4c36-acb1-636442be4fff.png
Dzanan Musa,Dzanan,,Musa,Dzanan Musa,1999-05-08,M,F,2.05,101,Anadolu Efes Istanbul,20-21,13,https://media-cdn.incrowdsports.com/025648e3-74c6-4ccd-bc98-98006c2ba2e2.png
Kyle O'Quinn,Kyle,Brandon,O'Quinn,Kyle O'Quinn,1990-03-26,M,C,2.06,,Fenerbahce Beko Istanbul,20-21,11,
Daniil Kochergin,Daniil,,Kochergin,Daniil Kochergin,1999-10-29,M,F,2.08,90,CSKA Moscow,20-21,20,https://media-cdn.incrowdsports.com/9ed02b49-153b-4871-b9d7-af17d11516ac.png
Anton Ponkrashov,Anton,,Ponkrashov,Anton Ponkrashov,1986-04-23,M,F,2.0,93,Khimki Moscow Region,20-21,14,
Nikola Saranovic,Nikola,,Saranovic,Nikola Saranovic,2003-08-20,M,F,2.01,84,Crvena Zvezda mts Belgrade,20-21,5,
Milutin Vujicic,Milutin,,Vujicic,Milutin Vujicic,2002-03-08,M,G,1.9,80,Crvena Zvezda mts Belgrade,20-21,6,
Iffe Lundberg,Iffe,,Lundberg,Iffe Lundberg,1994-12-04,M,G,1.93,92,CSKA Moscow,20-21,1,https://media-cdn.incrowdsports.com/78319815-8900-40c3-b2eb-f5b7b7f1b919.png
Michael Eric,Michael,Oluwaseun,Eric,Michael Eric,1988-06-24,M,C,2.1,112,CSKA Moscow,20-21,50,https://media-cdn.incrowdsports.com/be43127e-94d9-49f3-84e8-a57ef62d0008.png
David Kraemer,David,,Kraemer,David Kraemer,1997-01-14,M,G,1.99,90,FC Bayern Munich,20-21,3,
Jeremy Evans,Jeremy,Deshawn,Evans,Jeremy Evans,1987-10-24,M,C,2.06,93,AX Armani Exchange Milan,20-21,40,
Tristan Vukcevic,Tristan,,Vukcevic,Tristan Vukcevic,2003-03-11,M,C,2.09,100,Real Madrid,20-21,11,https://media-cdn.incrowdsports.com/f924e575-a3bf-4f5c-836e-dfe5d0eeb559.png
Tarik Black,Tarik,Bernard,Black,Tarik Black,1991-11-22,M,C,2.06,119,Zenit St Petersburg,20-21,28,
Mario Hezonja,Mario,,Hezonja,Mario Hezonja,1995-02-25,M,F,2.06,110,Panathinaikos OPAP Athens,20-21,11,
Kosta Koufos,Kosta,,Koufos,Kosta Koufos,1989-02-24,M,C,2.13,111,Olympiacos Piraeus,20-21,31,
Christ Koumadje,Christ,Jean Marc,Koumadje,Christ Koumadje,1996-07-07,M,C,2.23,,ALBA Berlin,20-21,21,
Tj Cline,Tj,,Cline,Tj Cline,1994-07-22,M,F,2.03,107,Maccabi Playtika Tel Aviv,20-21,2,
Patricio Garino,Patricio,,Garino,Patricio Garino,1993-05-17,M,F,2.01,92,Zalgiris Kaunas,20-21,7,https://media-cdn.incrowdsports.com/96b1a16c-03d9-4def-9139-58d756950c4f.png
Mantas Rubstavicius,Mantas,,Rubstavicius,Mantas Rubstavicius,2002-05-06,M,G,1.95,86,Zalgiris Kaunas,20-21,17,
Pau Gasol,Pau,,Gasol,Pau Gasol,1980-07-06,M,C,2.16,113,FC Barcelona,20-21,16,
