team_id,franchise_id,season_id,conference,type,name,abbreviation,logo_url,color
Anadolu Efes Istanbul,Anadolu Efes S.K.,20-21,,M,Anadolu Efes Istanbul,EFS,https://media-cdn.incrowdsports.com/8ea8cec7-d8f7-45f4-a956-d976b5867610.png,#002D74
Zenit St Petersburg,BC Zenit Saint Petersburg,20-21,,M,Zenit St Petersburg,ZEN,https://media-cdn.incrowdsports.com/4c571fd6-52f1-428c-94a5-9143fbbb4fe3.png,
Olympiacos Piraeus,Olympiacos B.C.,20-21,,M,Olympiacos Piraeus,OLY,https://media-cdn.incrowdsports.com/789423ac-3cdf-4b89-b11c-b458aa5f59a6.png,#D1061F
Zalgiris Kaunas,BC Žalgiris,20-21,,M,Zalgiris Kaunas,ZAL,https://media-cdn.incrowdsports.com/1f04fd8a-1fd4-43f9-b507-06c09a1a3a5d.png,#0C6F3E
Maccabi Playtika Tel Aviv,Maccabi Tel Aviv B.C.,20-21,,M,Maccabi Playtika Tel Aviv,MTA,https://media-cdn.incrowdsports.com/5c55ef14-29df-4328-bd52-a7a64c432350.png,#FFF100
ALBA Berlin,Alba Berlin,20-21,,M,ALBA Berlin,BER,https://media-cdn.incrowdsports.com/ccc34858-22b0-47dc-904c-9940b0a16ff3.png,#FFD100
FC Barcelona,FC Barcelona Bàsquet,20-21,,M,FC Barcelona,FCB,https://media-cdn.incrowdsports.com/35dfa503-e417-481f-963a-bdf6f013763e.png,#023485
CSKA Moscow,PBC CSKA Moscow,20-21,,M,CSKA Moscow,CSK,https://media-cdn.incrowdsports.com/b6a59212-7feb-4f8c-86c2-5e8f07625e3e.png,
Valencia Basket,Valencia Basket,20-21,,M,Valencia Basket,VBC,https://media-cdn.incrowdsports.com/efd12730-f2ea-4830-9caa-7f2f676079c2.png,#FF6C0E
LDLC ASVEL Villeurbanne,ASVEL Basket,20-21,,M,LDLC ASVEL Villeurbanne,ASV,https://media-cdn.incrowdsports.com/e33c6d1a-95ca-4dbc-b8cb-0201812104cc.png,#929292
Khimki Moscow Region,BC Khimki,20-21,,M,Khimki Moscow Region,KHI,https://media-cdn.incrowdsports.com/04bd9ac1-e8ed-4b35-8878-272596e5c7d6.png,
Panathinaikos OPAP Athens,Panathinaikos B.C.,20-21,,M,Panathinaikos OPAP Athens,PAO,https://media-cdn.incrowdsports.com/696724ea-a92f-456e-8572-aca4ce0ff025.png,#007135
Fenerbahce Beko Istanbul,Fenerbahçe S.K. (basketball),20-21,,M,Fenerbahce Beko Istanbul,FNB,https://media-cdn.incrowdsports.com/0233ebbb-f3a2-49ea-837c-7fd3e661e672.png,#FFED00
Crvena Zvezda mts Belgrade,KK Crvena zvezda,20-21,,M,Crvena Zvezda mts Belgrade,CZV,https://media-cdn.incrowdsports.com/d2eef4a8-62df-4fdd-9076-276004268515.png,#E91D26
FC Bayern Munich,FC Bayern Munich (basketball),20-21,,M,FC Bayern Munich,BAY,https://media-cdn.incrowdsports.com/817b0e58-d595-4b09-ab0b-1e7cc26249ff.png,#E11837
AX Armani Exchange Milan,Olimpia Milano,20-21,,M,AX Armani Exchange Milan,AXM,https://media-cdn.incrowdsports.com/8154f184-c61a-4e7f-b14d-9d802e35cb95.png,#E1261D
TD Systems Baskonia Vitoria-Gasteiz,Saski Baskonia,20-21,,M,TD Systems Baskonia Vitoria-Gasteiz,TDS,https://media-cdn.incrowdsports.com/b2f93842-1291-49ed-ab35-79a5010c3abd.png,#0A2240
Real Madrid,Real Madrid Baloncesto,20-21,,M,Real Madrid,RMB,https://media-cdn.incrowdsports.com/1a3e1404-4f6f-4ede-9d8b-30eee7cb51b4.png,#004996
