player_id,GAMES,record,MIN,POSS,MINxGP,PM,ORAPM,DRAPM,RAPM
Eddy Edigin,1,0,1.1333333333333333,2,1.1333333333333333,4,37.397978430249474,18.256230519335094,55.65420894958457
Marc Garcia,1,1,1.2333333333333334,5,1.2333333333333334,6,19.646909736345282,8.265978257605228,27.912887993950513
Atoumane Diagne,1,0,7.933333333333334,15,7.933333333333334,13,8.253218192325015,13.779425730766901,22.032643923091918
Lautaro Lopez,1,0,3.1166666666666667,6,3.1166666666666667,4,16.57760568056103,-1.2353725840722622,15.34223309648877
Erikas Venskus,4,0.75,16.183333333333334,31,4.045833333333333,13,2.5777186978476325,9.286504793703068,11.864223491550701
Tyler Ennis,3,1,30.55,52,10.183333333333334,19,12.974502362634158,-1.6990716096077252,11.275430753026434
Martynas Arlauskas,4,0.5,13.383333333333333,26,3.345833333333333,10,11.191919602970165,-1.0202995746202985,10.171620028349867
David Kraemer,6,0.6666666666666666,18.516666666666666,30,3.086111111111111,8,10.456741736260854,-1.38011314507636,9.076628591184495
Dori Sahar,4,0.5,19.15,35,4.7875,4,1.4968065864799505,6.468313841516371,7.965120427996321
Amar'E Stoudemire,6,0.6666666666666666,32.21666666666667,61,5.3694444444444445,9,2.0449449653556235,4.945439557724827,6.990384523080451
Andrei Desiatnikov,2,0.5,7.766666666666667,17,3.8833333333333333,5,-2.633973012713755,9.157089549061228,6.523116536347473
Erten Gazi,23,0.43478260869565216,117.91666666666667,189,5.1268115942028984,24,0.39863624955093757,5.52431778031183,5.922954029862768
Nikos Chougkaz,4,0.75,25.116666666666667,45,6.279166666666667,5,-0.7569649958528255,5.999439069383997,5.242474073531172
Johnathan Hamilton,4,0.5,33.55,62,8.3875,9,-4.009490743111182,9.215919863469923,5.206429120358741
Guillem Ferrando,2,0.5,6.216666666666667,11,3.1083333333333334,3,-3.062694468873553,8.208745460027416,5.146050991153863
Nimrod Levi,5,0.4,11.283333333333333,20,2.256666666666667,4,3.151852693153831,1.810807386970741,4.962660080124572
Rinalds Malmanis,11,0.7272727272727273,131.08333333333334,233,11.916666666666668,34,2.557274127671042,2.202478828356161,4.759752956027203
Marko Todorovic,27,0.5185185185185185,282.05,477,10.446296296296296,71,3.125000084496678,1.6163733745851534,4.7413734590818315
Muhaymin Mustafa,8,0.25,49.46666666666667,80,6.183333333333334,0,3.0066441934695387,0.8966936765605097,3.9033378700300485
Dogus Balbay,112,0.5803571428571429,1044.75,1776,9.328125,144,1.5456829706418245,2.3300350563482204,3.875718026990045
Mikhail Kulagin,16,0.8125,98.06666666666666,180,6.129166666666666,32,-0.900991549333976,4.70566308175361,3.8046715324196336
Salah Mejri,6,0.8333333333333334,28.583333333333332,56,4.763888888888888,15,0.8379613533728022,2.9074252284107223,3.7453865817835243
James Augustine,29,0.4482758620689655,672.0333333333333,1175,23.173563218390804,139,3.050851345335202,0.5917957310088992,3.642647076344101
Dino Radoncic,7,0.5714285714285714,45.416666666666664,78,6.488095238095238,8,5.540627500349216,-2.014764028056739,3.525863472292477
Dragan Apic,3,0,16.716666666666665,30,5.572222222222222,-2,-2.5035426255830737,5.933687606694035,3.4301449811109617
Ismet Akpinar,14,0.42857142857142855,163.35,282,11.667857142857143,25,2.6224546801119324,0.7218175574415966,3.344272237553529
Austin James Hollins,5,0.4,100.06666666666666,172,20.013333333333332,-13,2.043967596917555,1.2964395687751689,3.3404071656927234
Alejandro Barrera,6,0.3333333333333333,26,46,4.333333333333333,2,-1.8997244130610553,5.165487431290622,3.265763018229566
Rudy Demahis,5,0.2,13.55,24,2.71,2,2.8803085650972013,0.32772831279969844,3.2080368778969
Jalen Jones,13,0.5384615384615384,129.7,249,9.976923076923075,42,1.8358181149763175,1.3566693823947586,3.192487497371076
Makai Mason,20,0.2,215.8,432,10.790000000000001,59,3.273080555293599,-0.18945258197284096,3.083627973320758
Antonios Koniaris,25,0.48,322.21666666666664,575,12.888666666666666,69,-0.7084507530576437,3.758882148025761,3.050431394968117
Sertac Sanli,96,0.7291666666666666,1243.65,2380,12.9546875,364,1.963617952885405,1.0165895601623107,2.9802075130477155
Phil Pressey,18,0.3888888888888889,224.1,417,12.45,57,-1.8743612160504093,4.760919500026811,2.8865582839764024
Sergi Martinez,59,0.711864406779661,628.5666666666667,1075,10.653672316384181,72,1.7127176733044522,1.164920453512651,2.877638126817103
Amedeo Della Valle,33,0.42424242424242425,322.1,575,9.760606060606062,53,1.8158195271982227,0.9904753220675345,2.806294849265757
Emanuel Terry,9,0.3333333333333333,169.78333333333333,283,18.864814814814814,-4,1.8305083098843422,0.9097666574121358,2.740274967296478
Walter Tavares,162,0.6728395061728395,3550.6,6308,21.917283950617282,799,0.3715222757741706,2.2292326660257147,2.6007549417998854
Kenneth Ogbe,18,0.16666666666666666,152.81666666666666,280,8.489814814814814,5,1.5710355783951087,1.024346665853059,2.5953822442481673
Aleksa Ilic,3,0,45.13333333333333,79,15.044444444444444,-3,-1.980196693940317,4.55578821977917,2.5755915258388526
Thanasis Antetokounmpo,57,0.5614035087719298,699.5166666666667,1214,12.272222222222222,83,-0.11078328863930084,2.657196829601153,2.546413540961852
Christopher Evans,12,0.4166666666666667,228.53333333333333,438,19.044444444444444,-4,2.6083244092573756,-0.10848436505358076,2.4998400442037947
Ivan Ukhov,65,0.6461538461538462,556.5833333333334,971,8.562820512820513,78,0.9699115362644355,1.497100066678805,2.4670116029432405
Facundo Campazzo,102,0.7058823529411765,2405.5333333333333,4386,23.583660130718954,589,0.8887853412110853,1.57546560971114,2.4642509509222252
Donta Hall,35,0.5428571428571428,647.6333333333333,1160,18.503809523809522,87,1.474367141614085,0.9275339364134078,2.401901078027493
Vitaly Fridzon,60,0.7166666666666667,390.3,726,6.505,74,0.6066827038001353,1.748335966696259,2.3550186704963942
Awudu Abass,10,0.4,47.583333333333336,88,4.758333333333334,1,0.17139203125388752,2.02417546144696,2.1955674927008473
Alex Abrines,77,0.7012987012987013,1281.5666666666666,2262,16.643722943722942,248,0.5275994845673891,1.6647112647044904,2.1923107492718796
Benjamin Bentil,23,0.5652173913043478,204.6,399,8.895652173913044,39,-0.02605256382044246,2.181385684486151,2.1553331206657087
Vassilis Toliopoulos,10,0.7,52.93333333333333,88,5.293333333333333,8,-2.382376893237902,4.525931181392247,2.143554288154345
Edo Muric,8,0.25,113.75,211,14.21875,29,-0.2787374429398961,2.4128539808063043,2.134116537866408
Moustapha Fall,68,0.5147058823529411,1531.95,2728,22.528676470588238,185,0.862726604637726,1.1970834171335045,2.0598100217712307
Chris Singleton,174,0.6436781609195402,4115.066666666667,7729,23.649808429118774,671,0.8704831901709633,1.1738268479630425,2.0443100381340056
Rolands Smits,107,0.6728971962616822,1499.25,2611,14.011682242990654,272,0.1364018534931446,1.8959220854253507,2.0323239389184953
Jonas Maciulis,22,0.6363636363636364,282.93333333333334,504,12.860606060606061,32,0.8136422506971891,1.2104767130494536,2.0241189637466426
Sasha Grant,16,0.5,64.41666666666667,113,4.026041666666667,4,-1.021116513870433,3.031544333916371,2.010427820045938
Tarik Black,50,0.52,966.5166666666667,1717,19.330333333333332,146,-0.4003071796495177,2.372600703404077,1.9722935237545594
Marko Guduric,121,0.6528925619834711,2518.0666666666666,4305,20.810468319559227,414,1.4119842595858778,0.5570712174463085,1.9690554770321862
Onuralp Bitim,4,0.25,35.28333333333333,63,8.820833333333333,-4,2.7174755790004124,-0.7834623101085046,1.9340132688919076
Rudy Fernandez,149,0.7046979865771812,2785.766666666667,5040,18.69642058165548,518,0.7486841237334856,1.1666884938726538,1.9153726176061394
Daniel Hackett,135,0.6296296296296297,2857.983333333333,5065,21.170246913580247,447,1.0431742754580855,0.8576521787753206,1.9008264542334061
Jan Vesely,136,0.6102941176470589,3632.983333333333,6252,26.713112745098037,492,1.0583622357206433,0.7819410508027357,1.8403032865233788
Nicolo Melli,104,0.7115384615384616,2678.4333333333334,4508,25.754166666666666,349,0.718222550812917,1.1012116689850757,1.8194342197979927
Dante Liman Exum,25,0.68,424.43333333333334,747,16.977333333333334,75,1.4672805568524476,0.3292448021161101,1.7965253589685577
Danilo Nikolic,26,0.23076923076923078,370.51666666666665,649,14.250641025641025,-5,2.0021481365097022,-0.21879710299566468,1.7833510335140375
Paris Lee,36,0.5555555555555556,700.7833333333333,1225,19.4662037037037,84,0.6942759669686633,1.0604415048487006,1.754717471817364
Semen Antonov,125,0.72,1203.6,2128,9.6288,160,1.1445840599127206,0.6089273428792648,1.7535114027919854
Pau Gasol,7,0.42857142857142855,68.4,120,9.771428571428572,1,2.0243745576476657,-0.2790057881971719,1.7453687694504938
Regimantas Miniotas,10,0.2,85.13333333333334,143,8.513333333333334,5,-0.8727185137493606,2.5913491941889157,1.718630680439555
Drew Crawford,7,0.14285714285714285,119.73333333333333,224,17.104761904761904,20,0.5396127282667809,1.159927991573348,1.6995407198401289
Bryce Taylor,10,0.5,239.05,410,23.905,-10,-0.5931231117228104,2.292628811866322,1.6995057001435114
Dwayne Bacon,29,0.5517241379310345,733.6,1307,25.29655172413793,112,1.5740536426855842,0.11430753749249738,1.6883611801780816
Paulius Valinskas,25,0.6,223.25,391,8.93,16,0.5747426782591438,1.1095867481582042,1.684329426417348
Aaron Doornekamp,58,0.41379310344827586,1113.7833333333333,1946,19.20316091954023,93,0.6439551370713517,0.9948766209341441,1.6388317580054959
Stratos Perperoglou,13,0.3076923076923077,211.1,403,16.23846153846154,4,-1.770273667207363,3.3992303915766646,1.6289567243693017
William McDowell-White,2,0,2.316666666666667,5,1.1583333333333334,0,4.021074266269257,-2.3962517853731504,1.6248224808961065
John Brown,25,0.52,769.7666666666667,1354,30.790666666666667,79,0.17091285408567713,1.4405490308785345,1.6114618849642115
Devon Hall,36,0.6111111111111112,974.15,1629,27.05972222222222,120,-0.31414778844212804,1.9123504329574352,1.5982026445153072
Nick Weiler-Babb,62,0.5483870967741935,1539.8666666666666,2640,24.836559139784946,131,-0.043302574817842825,1.6172898541810756,1.5739872793632328
Paul Zipser,70,0.45714285714285713,1485.25,2643,21.21785714285714,29,0.9699475864978461,0.5861511078867205,1.5560986943845667
Zan Sisko,39,0.48717948717948717,653.7166666666667,1156,16.761965811965812,40,0.508475257621376,1.0371728226281918,1.5456480802495678
Jerian Grant,26,0.5769230769230769,322.6,548,12.407692307692308,-5,-2.0304635311761126,3.5650723330444127,1.5346088018683002
Karolis Lukosiunas,42,0.4523809523809524,338.8833333333333,566,8.068650793650793,6,0.5086484166883811,1.0210803724134274,1.5297287891018085
Felipe Reyes,70,0.6571428571428571,824.4166666666666,1498,11.777380952380952,160,2.0724831592780837,-0.5484248841192706,1.5240582751588132
Melwin Pantzar,1,0,8.55,16,8.55,1,2.1155058302654566,-0.6101098501675849,1.5053959800978718
Luigi Datome,160,0.63125,3176.05,5734,19.8503125,451,1.1472116360686755,0.3417340047594672,1.4889456408281427
Sinan Guler,30,0.8,184.51666666666668,313,6.150555555555556,-10,0.19932453606950884,1.2638090684545584,1.4631336045240673
Alec Peters,108,0.6851851851851852,2008.7,3908,18.599074074074075,300,1.3457087024322392,0.0970056386195374,1.4427143410517766
Adam Waczynski,27,0.48148148148148145,511.43333333333334,895,18.941975308641975,19,1.4196274268457607,0.019242106331815296,1.438869533177576
Will Clyburn,126,0.7619047619047619,3350.85,5950,26.59404761904762,479,1.5031643043220646,-0.0997277228322961,1.4034365814897685
Nikolas Stauskas,3,0.3333333333333333,55.68333333333333,100,18.56111111111111,10,0.14046891370293052,1.2578412393178589,1.3983101530207893
Sean Kilpatrick,15,0.5333333333333333,318.3833333333333,589,21.225555555555555,49,-0.9667003376233718,2.364804144902098,1.398103807278726
Dmitrii Uzinskii,25,0.52,270.1666666666667,466,10.806666666666667,28,0.4996090881902011,0.8948079132229244,1.3944170014131254
Nick Calathes,162,0.5987654320987654,4552.5,8487,28.10185185185185,560,0.4609974841777656,0.9294403926878896,1.3904378768656551
Nikita Kurbanov,161,0.7018633540372671,3141.35,5566,19.511490683229813,429,1.1117759809459034,0.277591346943756,1.3893673278896594
Josep Puerto,27,0.5185185185185185,115.61666666666666,205,4.2820987654320986,4,0.24092796246012305,1.123292002558691,1.364219965018814
Nikola Mirotic,99,0.7171717171717171,2548.15,4627,25.73888888888889,523,0.5844647166225615,0.7654848901331835,1.349949606755745
Chasson Randle,23,0.6521739130434783,174.56666666666666,312,7.589855072463768,12,1.8525642257957384,-0.515845863469867,1.3367183623258714
Gustavo Ayon,75,0.5866666666666667,1574.9666666666667,2867,20.999555555555556,135,1.2600076929706066,0.06871443203927434,1.3287221250098809
Vincent Poirier,105,0.5523809523809524,2143.9166666666665,3974,20.418253968253968,213,1.093486568474991,0.22412284391354845,1.3176094123885396
Isaiah Canaan,24,0.5416666666666666,574.3,1008,23.929166666666664,36,-0.5622374931255151,1.868071947057763,1.3058344539322477
Dimitris Agravanis,1,1,5.25,11,5.25,0,-7.767503169059482,9.059240005774166,1.2917368367146844
Nate Wolters,74,0.5,1667.8666666666666,3081,22.538738738738736,159,0.4486514905500922,0.8405834142373438,1.289234904787436
Alpha Diallo,34,0.5588235294117647,833.7666666666667,1463,24.522549019607844,75,1.0264653499958625,0.2615119429676355,1.287977292963498
Jeffery Taylor,147,0.6802721088435374,2533.4666666666667,4484,17.234467120181407,339,0.3043416874588705,0.977920361291161,1.2822620487500316
Austin Hollins,88,0.45454545454545453,1819.2333333333333,3289,20.67310606060606,115,0.3922503569885312,0.889881438780603,1.2821317957691343
Jason George,22,0.36363636363636365,92.08333333333333,150,4.1856060606060606,-10,1.947580045763845,-0.6714498517186075,1.2761301940452374
Nikola Kalinic,146,0.5821917808219178,3682.25,6823,25.220890410958905,298,0.7419158900726144,0.5315483985455899,1.2734642886182042
Latavious Williams,4,0.5,32.766666666666666,56,8.191666666666666,9,7.204713950507531,-5.933150295742785,1.271563654764746
Kyle Hines,171,0.6842105263157895,3847.65,7021,22.500877192982458,495,0.6345901534246545,0.6363140264053375,1.270904179829992
Joel Bolomboy,103,0.6601941747572816,1499.1333333333334,2675,14.554692556634306,170,-0.7058562546251264,1.9743138634886257,1.2684576088634993
Krunoslav Simon,151,0.609271523178808,3748.15,6646,24.822185430463577,528,1.2998352693828492,-0.03708926147214888,1.2627460079107002
Alberto Abalde,117,0.5726495726495726,2296.2166666666667,4186,19.625783475783475,124,0.41770926418166426,0.8284950035439509,1.246204267725615
Vasilije Micic,170,0.6470588235294118,4793,8891,28.194117647058825,597,0.834747508377549,0.3676307287256223,1.2023782371031713
Ivan Evstigneev,2,0,24.116666666666667,47,12.058333333333334,-6,-2.1883600982308815,3.3823961353026677,1.1940360370717862
Gregory Monroe,5,0.6,118.23333333333333,227,23.64666666666667,4,1.1438620337529386,0.04124229974043388,1.1851043334933724
Brandon Davies,169,0.6568047337278107,3472.266666666667,6201,20.54595660749507,372,0.1584528942076832,1.0184795065388286,1.1769324007465118
Jalen Reynolds,86,0.5697674418604651,1568.15,2955,18.234302325581396,137,0.09668543644514521,1.0669864507695141,1.1636718872146594
Lucca Staiger,28,0.35714285714285715,290.35,513,10.369642857142859,34,2.1351673537151927,-0.9743793743943181,1.1607879793208746
Adam Hanga,153,0.6274509803921569,3017.2166666666667,5751,19.72037037037037,238,-0.3597242677314215,1.5118443429860664,1.1521200752546448
Leandro Bolmaro,36,0.6944444444444444,349.7,613,9.713888888888889,45,0.13006494509641794,1.0120596905770252,1.1421246356734431
Axel Toupane,60,0.55,874.5666666666667,1667,14.576111111111112,-43,1.2732956679501672,-0.1517606597807541,1.121535008169413
Antanas Kavaliauskas,55,0.6,697.4333333333333,1212,12.68060606060606,70,-0.5180583984501798,1.6176283512654777,1.099569952815298
Adrien Moerman,159,0.5974842767295597,3723.733333333333,7021,23.41970649895178,478,0.9255100469755542,0.12444248445964692,1.0499525314352012
Igor Volkhin,5,0.6,26.283333333333335,42,5.256666666666667,5,4.505215845464776,-3.45760009233244,1.047615753132336
Elijah Bryant,97,0.5670103092783505,2005.8833333333334,3779,20.679209621993127,137,-0.13599405437064424,1.1747078733107148,1.0387138189400706
Cory Higgins,145,0.7310344827586207,3664.516666666667,6782,25.272528735632186,542,0.6413010518798037,0.37976969310810443,1.0210707449879082
Davide Alviti,6,0.6666666666666666,62.7,103,10.450000000000001,4,1.7258660356983986,-0.7069767695133727,1.0188892661850257
Bryant Dunston,147,0.54421768707483,3409.6666666666665,5902,23.19501133786848,238,1.0262901056077878,-0.010529829021160874,1.015760276586627
Yakuba Ouattara,30,0.6,425.53333333333336,721,14.184444444444445,7,1.734154666020517,-0.7533589517901125,0.9807957142304045
Pero Antic,18,0.5,327.5833333333333,587,18.199074074074073,12,0.9159962630209736,0.02778652705974232,0.9437827900807159
Andrea Cinciarini,59,0.4745762711864407,584.5,1036,9.90677966101695,-6,0.746468290634833,0.1763744924542109,0.9228427830890439
Bugrahan Tuncer,46,0.717391304347826,255.06666666666666,450,5.544927536231884,52,1.535731314389394,-0.6354892585515731,0.9002420558378209
Nikola Milutinov,117,0.5555555555555556,2719.766666666667,5019,23.24586894586895,285,0.1833308903315537,0.7157108241850474,0.8990417145166011
Quincy Acy,31,0.6774193548387096,529.05,1029,17.066129032258065,60,0.12296517273633235,0.7673455595115526,0.8903107322478849
Dmitry Kulagin,17,0.5882352941176471,323.95,550,19.055882352941175,12,-0.9036477089745361,1.7779466060243043,0.8742988970497683
James Anderson,164,0.6463414634146342,2611.366666666667,4700,15.922967479674798,143,0.820788339235027,0.05323989927774415,0.8740282385127712
Pierria Henry,87,0.47126436781609193,2322.65,4310,26.69712643678161,172,-0.3015732844251951,1.1609811137133923,0.8594078292881973
Juan Nunez,10,0.7,46.11666666666667,77,4.611666666666666,12,1.6187148945358665,-0.7665221648665114,0.8521927296693551
Nigel Williams-Goss,59,0.576271186440678,1269.4,2368,21.515254237288136,78,-0.23334921415877918,1.0811945950666304,0.8478453809078512
Anthony Randolph,103,0.6990291262135923,1970.3166666666666,3589,19.129288025889966,312,1.0038190137631666,-0.16315821961004082,0.8406607941531258
Thomas Walkup,133,0.5112781954887218,2928.7833333333333,5311,22.02092731829574,277,0.19413745250969713,0.6379607226920438,0.832098175201741
Hollis Thompson,28,0.6071428571428571,421.1166666666667,729,15.039880952380953,24,-2.61788554888772,3.4449389438701994,0.8270533949824794
Deni Avdija,34,0.6176470588235294,420.53333333333336,768,12.368627450980393,20,-1.8526177276516975,2.6746651384940225,0.822047410842325
Tarik Biberovic,37,0.43243243243243246,331.4166666666667,569,8.957207207207208,11,-0.5439916567734266,1.3419395072902178,0.7979478505167912
Iffe Lundberg,39,0.6410256410256411,808.5166666666667,1429,20.73119658119658,50,0.6809408314977188,0.10941486998352257,0.7903557014812413
Davide Pascolo,11,0.36363636363636365,125.5,217,11.409090909090908,4,0.4191295609529271,0.3653495102471355,0.7844790712000627
Ben Lammers,52,0.38461538461538464,992.6333333333333,1796,19.089102564102564,-1,-0.41056552668573143,1.1609663123305711,0.7504007856448397
Kostas Sloukas,164,0.5975609756097561,4301.433333333333,7937,26.228252032520327,405,0.9861605761921308,-0.2688144144064019,0.7173461617857289
Kaleb Tarczewski,156,0.4935897435897436,2461.2,4379,15.776923076923076,61,-0.2113962294305883,0.9210011295296555,0.7096049000990672
Mike Tobey,54,0.5185185185185185,930.7666666666667,1670,17.23641975308642,69,0.11080596774736459,0.5954213598449477,0.7062273275923123
Kevin Punter,54,0.5370370370370371,1228.2833333333333,2316,22.745987654320988,43,0.650985944639741,0.054846271462060475,0.7058322161018015
Othello Hunter,155,0.6193548387096774,3156.9666666666667,6114,20.36752688172043,206,0.7071166062700601,-0.0017680842716836355,0.7053485219983765
Kevin Pangos,110,0.5818181818181818,2829.4666666666667,5107,25.722424242424243,238,0.714703385673662,-0.01145930564607813,0.7032440800275839
Andrey Vorontsevich,88,0.6931818181818182,1281.7666666666667,2405,14.565530303030302,134,-0.006576291802947727,0.6994892720292366,0.6929129802262889
Mario Hezonja,33,0.45454545454545453,922.3333333333334,1685,27.94949494949495,44,-0.03846585810009264,0.724548780364984,0.6860829222648914
Marko Jagodic Kuridza,42,0.3333333333333333,773.0666666666667,1336,18.40634920634921,9,-0.011016457344562428,0.6933787184936326,0.6823622611490702
Kostas Papanikolaou,135,0.562962962962963,3161.483333333333,5528,23.418395061728393,181,-0.013892602765783404,0.6730790998989298,0.6591864971331464
Patricio Garino,55,0.4727272727272727,827.7,1593,15.04909090909091,39,-0.18813896329059543,0.8409343721625875,0.65279540887199206
Shaquielle McKissic,73,0.5342465753424658,1459.4166666666667,2599,19.992009132420094,90,0.35042426244579783,0.2947358945594047,0.6451601570052026
Duop Reath,23,0.34782608695652173,307.4,532,13.365217391304347,-16,-0.5028344581318455,1.1473098655767537,0.6444754074449083
Fabien Causeur,152,0.6776315789473685,2506.0833333333335,4519,16.487390350877195,268,0.1240575061460492,0.5128197686960553,0.6368772748421044
Anthony Gill,69,0.4782608695652174,1614.8666666666666,2874,23.403864734299514,6,0.694472470183566,-0.06028168861197959,0.6341907815715864
Semaj Christon,7,0.5714285714285714,172.53333333333333,305,24.64761904761905,3,-1.9829842070364774,2.609857080022273,0.6268728729857957
Dogus Ozdemiroglu,28,0.17857142857142858,322.9166666666667,582,11.532738095238097,-48,-0.16312349560184383,0.7842130800326883,0.6210895844308445
Augustine Rubit,123,0.43089430894308944,2549.9666666666667,4860,20.731436314363144,27,0.2652773420918966,0.3470994058338467,0.6123767479257433
Nicolas Laprovittola,95,0.6842105263157895,1680.8,3179,17.692631578947367,256,0.2511172869225805,0.3496858758566031,0.6008031627791837
Vasilis Kavvadas,11,0.2727272727272727,123.85,220,11.259090909090908,-4,-0.20593745946792824,0.8047370875240235,0.5987996280560952
Sasha Vezenkov,135,0.5185185185185185,2673.0833333333335,4750,19.80061728395062,174,0.36701922396648745,0.2289855710798333,0.5960047950463208
Deon Thompson,17,0.5294117647058824,234.01666666666668,401,13.765686274509804,15,-0.33743157715592625,0.918961681556569,0.5815301044006427
Alex Poythress,55,0.6,1063.05,1794,19.328181818181818,56,0.14965893917658316,0.4189220297363177,0.5685809689129009
Tornike Shengelia,133,0.5263157894736842,3462.4333333333334,6626,26.033333333333335,196,0.2372536521334803,0.3308301747194346,0.5680838268529149
Tyler Honeycutt,17,0.5882352941176471,359.96666666666664,626,21.174509803921566,2,-1.5070524595350303,2.073934832018596,0.5668823724835659
Marcus Denmon,28,0.5357142857142857,367.43333333333334,648,13.122619047619049,-1,0.9356111001841847,-0.38093205219183884,0.5546790479923458
Lorenzo Brown,88,0.5,2233.35,4234,25.378977272727273,55,-0.5517643769142216,1.0978781693511808,0.5461137924369591
Vangelis Mantzaris,58,0.5689655172413793,932.5833333333334,1631,16.07902298850575,3,-0.3564181977210349,0.8945210486037487,0.5381028508827138
Victor Claver,91,0.5604395604395604,1677.9,2899,18.43846153846154,101,-0.15763287332733913,0.6895481121366689,0.5319152388093298
Patrick Heckmann,14,0.2857142857142857,155.66666666666666,269,11.119047619047619,-23,1.4778824063430551,-0.9854737225065212,0.4924086838365339
Shane Larkin,133,0.6691729323308271,3738.7833333333333,6630,28.111152882205513,562,0.9129700171694177,-0.42156796155895165,0.49140205561046607
Yovel Zoosman,109,0.47706422018348627,1765.1,3338,16.193577981651377,-1,0.14259110101132155,0.34046829458211125,0.4830593955934328
Omri Casspi,22,0.6363636363636364,307.68333333333334,563,13.985606060606061,30,-1.0696869800136934,1.5513035190357354,0.48161653902204193
Sergio Llull,109,0.7064220183486238,2112.3,3834,19.378899082568807,208,0.16072717839147638,0.31207760636111437,0.47280478475259075
Darrun Hilliard,118,0.559322033898305,2440.0666666666666,4982,20.678531073446326,204,0.12278682266890596,0.34902728164958213,0.4718141043184881
James Nunnally,80,0.575,1895.8,3578,23.697499999999998,137,0.7803851690943772,-0.3236183003420642,0.456766868752313
Rodrigue Beaubois,166,0.6325301204819277,3514.866666666667,6379,21.17389558232932,400,0.9816710943650606,-0.5362435540051594,0.4454275403599012
Tony Crocker,29,0.3103448275862069,666.1,1191,22.96896551724138,-10,0.12774668043481324,0.29905376592595967,0.4268004463607729
Rafa Martinez,29,0.41379310344827586,446.8333333333333,764,15.408045977011493,4,1.058611162780609,-0.6332024303830772,0.42540873239753174
Maurice Ndour,26,0.38461538461538464,386.25,696,14.85576923076923,-3,0.05430760421341428,0.35864327537648183,0.4129508795898961
Matthew Costello,27,0.4074074074074074,591,1030,21.88888888888889,-7,-0.5567242532934734,0.9677043011311324,0.41098004783765896
Brad Wanamaker,36,0.6944444444444444,941.9833333333333,1603,26.166203703703705,119,0.6710282924993319,-0.2662157873523692,0.4048125051469627
Tibor Pleiss,157,0.5987261146496815,2603.0333333333333,4623,16.57983014861996,258,0.6436154006471676,-0.23940638126017733,0.4042090193869903
John Dibartolomeo,122,0.47540983606557374,1456.6166666666666,2607,11.939480874316938,59,0.7458373863356954,-0.34713714034003,0.3987002459956654
Nando De Colo,143,0.6223776223776224,3670.6833333333334,6992,25.66911421911422,386,0.552091043505422,-0.15361145292928619,0.39847959057613586
Zach Leday,94,0.5319148936170213,2017.6666666666667,3883,21.4645390070922,22,-0.15805266137245394,0.5546610339300462,0.39660837255759224
Angelo Caloiaro,116,0.5086206896551724,2654.6,4736,22.88448275862069,94,-0.19334405724844597,0.5837656631147954,0.39042160586634944
Youssoupha Fall,88,0.4090909090909091,1104.0833333333333,2024,12.546401515151514,-1,-0.31515257253627565,0.7000136684763848,0.38486109594010914
Jaycee Carroll,120,0.6666666666666666,1828.9,3390,15.240833333333335,324,1.0386864120212222,-0.6646156872199556,0.3740707248012667
Ante Tomic,91,0.5714285714285714,1685.7666666666667,3014,18.524908424908425,199,-0.18555580486426004,0.5546833557390819,0.36912755087482185
Georgios Papagiannis,114,0.41228070175438597,2313.6833333333334,4120,20.29546783625731,-93,-0.0545603327927801,0.40711786585251425,0.35255753305973414
Scottie Wilbekin,124,0.5161290322580645,3322.4333333333334,6072,26.793817204301074,251,0.16086050901138613,0.18333995885335225,0.34420046786473835
Sehmus Hazer,25,0.4,310.6166666666667,530,12.424666666666667,1,-0.30026265308735134,0.6312942345473083,0.3310315814599569
Khalifa Diop,1,0,7.333333333333333,12,7.333333333333333,-3,-1.5618658654142497,1.869781992371817,0.3079161269575674
Mouhammad Faye,12,0.4166666666666667,214.75,389,17.895833333333332,-14,-2.143954080525071,2.441039324245318,0.29708524372024714
Nigel Hayes-Davis,98,0.5612244897959183,2196.4,3933,22.412244897959184,-45,-0.0847118193777043,0.3793436884861737,0.2946318691084694
Mike James,135,0.5703703703703704,4139.933333333333,7777,30.666172839506174,380,1.0331665172960225,-0.7505227603092429,0.28264375698677957
Will Cherry,13,0.23076923076923078,267.75,499,20.596153846153847,-8,0.953371896187697,-0.6885094618236612,0.2648624343640358
Borisa Simanic,23,0.34782608695652173,262.06666666666666,473,11.394202898550725,-5,-0.9992958731231398,1.2504713300520545,0.25117545692891463
Klemen Prepelic,53,0.6037735849056604,847.1166666666667,1599,15.983333333333334,49,1.2118750323597007,-0.9635711056994213,0.24830392666027945
Ali Muhammed,94,0.5957446808510638,1409.8333333333333,2454,14.99822695035461,160,0.3611069488826127,-0.11865263344021541,0.24245431544239726
Okaro White,29,0.27586206896551724,668.3333333333334,1151,23.045977011494255,-44,-0.5943963167089568,0.8298373544532086,0.23544103774425185
Vladimir Lucic,118,0.4661016949152542,3405.7,5924,28.86186440677966,-50,-0.20305530388162757,0.4316496955538733,0.2285943916722457
Edgaras Ulanovas,157,0.4713375796178344,3940.483333333333,7110,25.098619957537153,-123,0.15574415302192035,0.01557878979391653,0.17132294281583688
Arturas Milaknis,154,0.474025974025974,3288.7166666666667,5754,21.35530303030303,38,0.8216762833700495,-0.6510799925745375,0.17059629079551197
Nikola Ivanovic,35,0.37142857142857144,571.1666666666666,956,16.31904761904762,-14,-0.5084544626908835,0.6745057176882912,0.1660512549974077
Mert Akay,7,0.42857142857142855,76.15,146,10.87857142857143,-4,2.1625271666731236,-1.9996986377295363,0.16282852894358735
Jerry Boutsiele,16,0.5625,180.15,315,11.259375,-6,-2.4798213726339924,2.641827930651006,0.1620065580170138
Kyle Kuric,137,0.6861313868613139,2670.0333333333333,4823,19.489294403892945,360,-0.24231817602964956,0.39890836843400146,0.1565901924043519
Billy Baron,88,0.5340909090909091,1815.8166666666666,3331,20.6342803030303,74,-0.05107762957459279,0.20297102703713724,0.15189339746254443
Tyler Dorsey,100,0.56,2178.4666666666667,4129,21.784666666666666,140,-0.4316462237510717,0.5554504667467262,0.12380424299565446
Pau Ribas,66,0.4696969696969697,1064.1166666666666,1921,16.122979797979795,70,0.11706204149015707,0.0029985981160689794,0.12006063960622605
Achille Polonara,90,0.4444444444444444,1983.35,3654,22.037222222222223,78,-0.4872768135947988,0.6070535363036716,0.11977672270887285
Luca Vildoza,106,0.4811320754716981,2256.1833333333334,4079,21.284748427672955,100,-0.1672940510203166,0.2833659777021436,0.116071926681827
Riccardo Moraschini,40,0.6,520.75,904,13.01875,-18,-0.4278696393356204,0.5395902389715377,0.1117205996359173
Hassan Martin,55,0.5272727272727272,974.9833333333333,1698,17.726969696969697,6,0.8729167239532046,-0.7636059649481691,0.10931075900503551
Deshaun Thomas,124,0.47580645161290325,3054.1666666666665,5897,24.63037634408602,-19,0.4591454959271801,-0.35434705380900666,0.10479844211817346
Beno Udrih,17,0.5882352941176471,195.85,342,11.520588235294117,16,-0.7251334174879271,0.8268232523177212,0.1016898348297941
Brandon Paul,27,0.4074074074074074,521.0333333333333,983,19.29753086419753,19,0.8506774511771014,-0.7530132164515285,0.09766423472557284
Nemanja Dangubic,47,0.44680851063829785,804.3833333333333,1408,17.114539007092198,-68,0.4027391911453182,-0.3075462121321985,0.09519297901311968
Rokas Giedraitis,88,0.4090909090909091,2479.25,4679,28.173295454545453,41,-0.06637601297871513,0.15983584782770427,0.09345983484898913
Amine Noua,53,0.3584905660377358,796.1833333333333,1424,15.022327044025156,-54,-1.4495922751381927,1.541535827624604,0.0919435524864114
Guerschon Yabusele,68,0.5294117647058824,1793.2666666666667,3417,26.37156862745098,-11,-0.351022055007172,0.4265316516715672,0.07550959666439522
Maodo Lo,147,0.38095238095238093,3083.3166666666666,5670,20.974943310657597,-169,0.178956370749786,-0.10801351350838972,0.07094285724139626
Malcolm Delaney,86,0.686046511627907,2052.4333333333334,3854,23.865503875968994,136,-0.059558412890024205,0.12860574398377034,0.06904733109374614
Mateusz Ponitka,72,0.5555555555555556,1820.6333333333334,3103,25.286574074074075,-3,-0.41167572057751745,0.47622132012265844,0.064545599545141
Aleksa Uskokovic,22,0.22727272727272727,286.31666666666666,473,13.014393939393939,-31,0.6247325949181803,-0.5733514080668338,0.051381186851346516
Deandre Kane,55,0.43636363636363634,1338.6833333333334,2390,24.33969696969697,-38,-0.025357283252526498,0.06356721777672789,0.03820993452420139
Jock Landale,25,0.44,504.8833333333333,893,20.195333333333334,49,-0.2508863839364754,0.2799828283715199,0.0290964444350445
Luke Sikma,88,0.36363636363636365,2176.483333333333,3966,24.73276515151515,-62,-0.28150503632339074,0.3044558374027159,0.022950801079325178
Georgios Printezis,149,0.5436241610738255,3029.25,5359,20.33053691275168,80,-0.23512871259605447,0.2566729606720072,0.021544248075952704
Jeff Brooks,106,0.46226415094339623,2113.4333333333334,3837,19.93805031446541,-14,1.0521807028411407,-1.0306398841868691,0.0215408186542716
Johannes Voigtmann,152,0.5657894736842105,3289.7,6306,21.642763157894734,165,0.2539805960961456,-0.2329015348918194,0.021079061204326205
Matt Janning,90,0.4666666666666667,2082.133333333333,3735,23.134814814814813,60,-0.2923065247459719,0.312604272609957,0.020297747863985083
Wade Baldwin,93,0.4731182795698925,2304.516666666667,4446,24.779749103942656,-29,0.0041712122177416724,0.014574337048188961,0.018745549265930632
Charles Jenkins,119,0.42857142857142855,2376.516666666667,4629,19.97072829131653,-97,-0.4630030529966382,0.47130086008779937,0.00829780709116118
Vladimir Micov,115,0.45217391304347826,3016.9166666666665,5381,26.23405797101449,-73,0.6290316118084354,-0.62946481840843,-4.3320659999468436e-4
Martin Hermannsson,56,0.4107142857142857,1200.8666666666666,2298,21.444047619047616,-12,0.16446643222691246,-0.1725652914056999,-0.008098859178787443
Janis Strelnieks,124,0.5483870967741935,2250.25,4377,18.14717741935484,46,-0.32809454283078227,0.31846103395716185,-0.009633508873620411
Victor Rudd,13,0.6923076923076923,131.88333333333333,236,10.144871794871793,20,0.7934934831616358,-0.8172284439719503,-0.023734960810314454
Sasu Salin,28,0.42857142857142855,446.2,759,15.935714285714285,-16,-2.157629184021518,2.1191506772225743,-0.03847850679894371
Conner Frankamp,17,0.6470588235294118,255.3,434,15.01764705882353,8,-0.8024490672087573,0.7603405065509585,-0.04210856065779878
Derrick Williams,126,0.5079365079365079,3019.483333333333,6015,23.96415343915344,-38,0.33694729544572266,-0.383856344595506,-0.04690904914978333
Gabriel Deck,98,0.6530612244897959,1981.6833333333334,3550,20.221258503401362,131,-0.3636481047358503,0.3161726162078733,-0.047475488527977006
Sam Van Rossom,71,0.49295774647887325,1545.2,2710,21.763380281690143,-17,0.6445821609463113,-0.7074842834689151,-0.06290212252260385
Artsiom Parakhouski,30,0.43333333333333335,486.53333333333336,881,16.21777777777778,-26,0.22106467622035145,-0.28494545609683736,-0.06388077987648591
Roman Sorkin,22,0.5,182.73333333333332,317,8.306060606060605,-11,-2.065025370514009,1.9888303136050252,-0.07619505690898398
Guillem Vives,62,0.45161290322580644,1165.0333333333333,2018,18.790860215053762,-56,0.45748850464912566,-0.5375591164295593,-0.08007061178043368
Leonidas Kaselakis,59,0.3050847457627119,768.2333333333333,1328,13.020903954802261,-62,0.6582934452308491,-0.7598512076909991,-0.10155776246015003
Sergio Rodriguez,170,0.6470588235294118,3831.5333333333333,7149,22.53843137254902,319,0.2989642528700593,-0.401521562926255,-0.10255731005619573
Tim Abromaitis,27,0.2962962962962963,483.35,874,17.901851851851852,-46,-0.29971615166549387,0.1895082692561718,-0.11020788240932206
Keith Langford,25,0.52,495.56666666666666,892,19.822666666666667,27,-0.9609987190737085,0.8376747193920999,-0.12332399968160856
Ognjen Jaramaz,36,0.4444444444444444,584.3,969,16.230555555555554,-62,3.784636740250921e-4,-0.12445172497686,-0.1240732613028349
Jimmer Fredette,27,0.5555555555555556,569.0166666666667,1107,21.07469135802469,20,1.6136616011405642,-1.7400612546551038,-0.12639965351453952
Donatas Motiejunas,38,0.5526315789473685,727.7666666666667,1253,19.15175438596491,42,-0.003733237203539337,-0.12413525859692225,-0.12786849580046158
Pierre Oriola,142,0.6408450704225352,2264.7,4009,15.948591549295774,56,-0.11285937782925846,-0.028585356995676686,-0.14144473482493514
Dejan Davidovac,109,0.3853211009174312,2084.5333333333333,3626,19.124159021406726,-139,-0.039130415114006376,-0.11272630384570721,-0.1518567189597136
Baba Miller,1,1,1.9,3,1.9,-1,-10.038810608106338,9.881946733273251,-0.15686387483308728
Alex Perez,14,0.5714285714285714,128.25,271,9.160714285714286,-20,0.31183775781015854,-0.47521398934625364,-0.1633762315360951
Stefan Lazarevic,25,0.44,278.6333333333333,456,11.145333333333333,-4,-0.2636516915091519,0.08806838406537397,-0.17558330744377793
Arturas Gudaitis,117,0.48717948717948717,2363.866666666667,4263,20.203988603988606,-17,0.07589066147542262,-0.26850552732953265,-0.19261486585411003
Jason Thompson,36,0.6944444444444444,575.3333333333334,960,15.981481481481483,13,-0.06696105180644774,-0.13228892900424982,-0.19924998081069756
Howard Sant-Roos,73,0.3561643835616438,1697.4333333333334,3157,23.252511415525117,-175,-0.13122366950136283,-0.07336131368797756,-0.20458498318934037
Chris Jones,65,0.36923076923076925,1449.4,2730,22.298461538461538,-65,-0.6977884344179012,0.4777675647568915,-0.22002086966100964
Louis Labeyrie,56,0.5,1128.3166666666666,1972,20.148511904761904,-22,0.7727366729066926,-0.996727238933001,-0.2239905660263084
Jordan Loyd,70,0.45714285714285713,1808.3833333333334,3465,25.83404761904762,-42,-0.16638084848476037,-0.06481214908512897,-0.23119299756988934
Jayson Granger,101,0.4158415841584158,2241.35,3972,22.19158415841584,-68,-0.417670034142118,0.18067938774458528,-0.23699064639753273
Vanja Marinkovic,67,0.4626865671641791,961.5,1713,14.350746268656716,-30,-0.19318040114322918,-0.07276345942895183,-0.265943860572181
Janis Timma,96,0.4375,2067.5833333333335,4009,21.53732638888889,-34,0.6080908069001134,-0.8744361934843623,-0.2663453865842489
Trey Thompkins,124,0.6532258064516129,2402.516666666667,4322,19.375134408602154,152,-0.37102826119735594,0.10203545202331256,-0.2689928091740434
Rokas Jokubaitis,90,0.6,1401.7,2592,15.574444444444445,27,0.20722628909129753,-0.48047912548827926,-0.2732528363969817
Zoran Dragic,61,0.4426229508196721,1189.4833333333333,2298,19.499726775956283,-1,-0.39049271817421227,0.0923298575706129,-0.29816286060359937
Marius Grigonis,94,0.48936170212765956,2208.7,4043,23.496808510638296,102,-0.14756195986130932,-0.16273170663179504,-0.31029366649310436
Thomas Heurtel,107,0.5794392523364486,2169.9166666666665,4147,20.279595015576323,99,-0.048487211850800224,-0.2660934383660787,-0.3145806502168789
David Lighty,71,0.36619718309859156,1723.7666666666667,3096,24.278403755868545,-112,-0.15122540492884476,-0.17370039016063,-0.3249257950894747
Braydon Hobbs,18,0.3888888888888889,177.8,317,9.877777777777778,-4,1.4829806382751425,-1.8132094755197599,-0.3302288372446174
Paulius Jankunas,130,0.47692307692307695,2171.7,3698,16.705384615384613,21,-0.044706335385032436,-0.2923749452232709,-0.33708128060830334
Jaka Blazic,25,0.48,340.05,596,13.602,21,-0.38703492956363006,0.0431553932903424,-0.34387953627328766
Nihad Djedovic,77,0.4675324675324675,1482.6,2567,19.254545454545454,-108,-0.6544849603108543,0.3066175168142138,-0.34786744349664056
Martinas Geben,53,0.5094339622641509,426.96666666666664,740,8.055974842767295,-22,0.3951048899689508,-0.7436801004724279,-0.3485752105034771
Khyri Thomas,13,0.5384615384615384,210.41666666666666,362,16.185897435897434,-7,-1.2674826106929415,0.9078706234790204,-0.3596119872139212
Ioannis Papapetrou,136,0.45588235294117646,3635.8166666666666,6852,26.733946078431373,-188,-0.34728996771517223,-0.022767354756295242,-0.3700573224714675
Torrian Walden,5,0.4,106.08333333333333,181,21.216666666666665,-15,0.10688107676894477,-0.479635453716482,-0.3727543769475372
Sediq Garuba,2,1,16.066666666666666,29,8.033333333333333,-2,-1.9082536477950354,1.531240374350416,-0.37701327344461943
Oz Blayzer,46,0.41304347826086957,428.1166666666667,753,9.306884057971015,-16,-1.2557414912396976,0.8774840193287955,-0.3782574719109021
Wesley Johnson,28,0.5357142857142857,433.81666666666666,822,15.49345238095238,-25,-0.5543332477333897,0.1735749430927291,-0.3807583046406605
Aaron White,136,0.4632352941176471,2867.3333333333335,5665,21.083333333333336,-141,0.19950786858522845,-0.5847456841505919,-0.38523781556536346
Dyshawn Pierre,64,0.5,1648.7166666666667,2846,25.761197916666667,-27,-0.7492738000871743,0.3602064740557368,-0.38906732603143745
Luka Doncic,33,0.6666666666666666,853.8,1560,25.87272727272727,82,0.48307613189061493,-0.8753100598258239,-0.39223392793520895
Carlos Suarez,30,0.43333333333333335,570.5666666666667,999,19.018888888888892,-21,0.589506132817235,-0.9974161819300671,-0.40791004911283213
Stefan Jovic,58,0.41379310344827586,1290.1,2499,22.24310344827586,-42,0.9868952597759244,-1.3960772908505912,-0.4091820310746668
Ante Zizic,65,0.46153846153846156,1329.8,2399,20.45846153846154,-29,-0.2562246100960107,-0.15517220628256867,-0.4113968163785794
Simone Fontecchio,67,0.34328358208955223,1505.5166666666667,2753,22.470398009950248,-83,0.01223175387246517,-0.4238351599699595,-0.41160340609749435
Oscar Da Silva,33,0.42424242424242425,608.15,1051,18.42878787878788,-63,-0.056491439416878134,-0.3553417587757718,-0.4118331981926499
Rihards Lomazs,33,0.30303030303030304,405.01666666666665,756,12.273232323232323,-43,-0.7268977049625197,0.3052298710427183,-0.4216678339198014
Elie Okobo,27,0.3333333333333333,743.5,1308,27.537037037037038,-103,0.6137118563648998,-1.038419253944994,-0.4247073975800941
Andy Rautins,8,0.375,62.266666666666666,120,7.783333333333333,-3,-1.48775371733872,1.060205899666504,-0.42754781767221606
Andrey Zubkov,113,0.49557522123893805,1792.3333333333333,3172,15.861356932153392,-86,-0.5049216267007852,0.07523708643833064,-0.42968454026245456
Leo Westermann,112,0.5714285714285714,1597.7166666666667,3246,14.265327380952382,-24,-0.6386444207252056,0.2025672832672391,-0.43607713745796645
Andrew Albicy,27,0.2962962962962963,570.9,992,21.144444444444442,-65,-0.32249852006139035,-0.11715995782339982,-0.4396584778847902
Giannoulis Larentzakis,55,0.5818181818181818,649.1333333333333,1160,11.802424242424243,6,-1.0337871155004363,0.593264729903033,-0.4405223855974033
Dragan Bender,34,0.4117647058823529,647.05,1149,19.030882352941177,-14,-0.7835452280665405,0.3413603152398247,-0.4421849128267158
Troy Daniels,26,0.5769230769230769,287.48333333333335,483,11.057051282051283,1,-1.706734216439031,1.2636167975654822,-0.4431174188735487
William Howard,43,0.37209302325581395,868.5166666666667,1518,20.198062015503876,-95,-0.02200958009046645,-0.4320589358658647,-0.45406851595633113
Santi Yusta,22,0.6363636363636364,157.06666666666666,276,7.13939393939394,2,1.432589922540273,-1.895296643953641,-0.462706721413368
Chris Kramer,16,0.4375,303.8333333333333,569,18.989583333333332,-16,1.0317292008807335,-1.5006429332996716,-0.4689137324189381
Daniel Diez,23,0.34782608695652173,312.31666666666666,540,13.578985507246376,-24,1.4292918355472286,-1.9075067599735736,-0.47821492442634495
Paul Lacombe,50,0.36,665.3666666666667,1175,13.307333333333334,-65,-1.7596770872650542,1.2790779797088223,-0.4805991075562319
Dylan Osetkowski,26,0.3076923076923077,503.26666666666665,885,19.356410256410257,-61,-1.3995859010396101,0.9030012265587176,-0.4965846744808925
Ahmet Duverioglu,123,0.6178861788617886,1247.7,2106,10.14390243902439,22,-0.02205358760591751,-0.47536741431504914,-0.49742100192096667
Ondrej Balvin,29,0.27586206896551724,542.3166666666667,994,18.70057471264368,-61,-0.38399979413298047,-0.11548140258183005,-0.4994811967148105
Tonye Jekiri,81,0.4444444444444444,1785.8666666666666,3256,22.047736625514403,-45,-0.34646515017558643,-0.15696952247809204,-0.5034346726536785
Ron Baker,27,0.6296296296296297,295.76666666666665,536,10.95432098765432,-13,-2.4868856600446048,1.9696998379638297,-0.517185822080775
Shavon Shields,119,0.48739495798319327,3146.4333333333334,5557,26.4406162464986,-85,-0.4874427316313002,-0.030418075565256025,-0.5178608071965562
Anzejs Pasecniks,22,0.2727272727272727,370.1666666666667,670,16.825757575757578,-62,0.12234307141835805,-0.6437168172004494,-0.5213737457820913
Will Thomas,131,0.45038167938931295,3439.5833333333335,6150,26.256361323155218,-124,0.3522234277317481,-0.8886876976908621,-0.536464269959114
James Gist,143,0.46853146853146854,3145.45,6214,21.996153846153845,-125,-0.9388847496262133,0.4013856434514094,-0.5374991061748038
Zoran Nikolic,4,0,31.45,57,7.8625,-7,-1.869697390942544,1.3299306217601619,-0.5397667691823822
Alex Tyus,80,0.45,1384.1,2619,17.30125,-109,0.1057116325139076,-0.6561639310628438,-0.5504522985489362
Nikos Pappas,61,0.5245901639344263,1021.5333333333333,1843,16.746448087431695,-38,-0.8728846505813954,0.31754120129394053,-0.5553434492874549
Jake Cohen,81,0.5185185185185185,770.2333333333333,1430,9.509053497942388,-11,-0.4945620656919109,-0.06684248715766665,-0.5614045528495776
Metecan Birsen,23,0.6086956521739131,146.28333333333333,260,6.360144927536232,-11,-1.779288365934371,1.216350602271437,-0.562937763662934
Alex Renfroe,22,0.2727272727272727,403.06666666666666,746,18.32121212121212,-40,-0.4039539666276283,-0.17179824806776506,-0.5757522146953933
Bojan Dubljevic,79,0.4810126582278481,1742.2833333333333,3087,22.0542194092827,-82,0.2331040893410489,-0.8298091019128826,-0.5967050125718337
Petteri Koponen,83,0.3855421686746988,1538.05,2814,18.530722891566263,-38,-0.9589402909148816,0.35426012296877246,-0.6046801679461091
Michael Roll,122,0.4672131147540984,2500.366666666667,4594,20.4948087431694,-105,0.07221800876192971,-0.7140277809607843,-0.6418097721988546
Michalis Lountzis,14,0.6428571428571429,53.516666666666666,93,3.8226190476190474,-18,-0.6292293864148961,-0.014863849184403024,-0.6440932355992991
Devin Booker,88,0.375,2067.383333333333,3962,23.492992424242424,-171,-0.20121164918499282,-0.4453136861580456,-0.6465253353430385
Jamel McLean,32,0.625,575.1333333333333,978,17.972916666666666,-38,0.49777712630243315,-1.1444673669738943,-0.6466902406714612
Vassilis Spanoulis,105,0.47619047619047616,2302.766666666667,4090,21.931111111111115,-2,-0.22574624971451546,-0.45837086095671814,-0.6841171106712336
Marek Blazevic,33,0.3333333333333333,349.0833333333333,600,10.578282828282827,-39,2.2779473077651256,-2.9636758750165995,-0.6857285672514739
Kc Rivers,92,0.532608695652174,2024.6166666666666,3795,22.006702898550724,-35,-0.4504212288141348,-0.2418545732613584,-0.6922758020754932
Mantas Kalnietis,38,0.2631578947368421,633.75,1128,16.67763157894737,-80,-0.1964131883372063,-0.49631156838017526,-0.6927247567173815
Dee Bost,28,0.4642857142857143,569.3833333333333,1047,20.33511904761905,-17,-0.35973879346472254,-0.34638256589564403,-0.7061213593603666
Malcolm Thomas,85,0.4823529411764706,1634.4666666666667,3028,19.22901960784314,-83,-0.40131984004481214,-0.3048266625191751,-0.7061465025639873
Tadas Sedekerskis,61,0.4918032786885246,1013.0333333333333,1780,16.607103825136612,-65,-0.5302073103908259,-0.1797483394049735,-0.7099556497957994
Jajuan Johnson,38,0.6052631578947368,539.1666666666666,937,14.188596491228068,-61,-1.5920712453974364,0.8762177028544,-0.7158535425430363
Christ Koumadje,25,0.48,307.78333333333336,556,12.311333333333334,-21,-1.0304903670151637,0.3121389772716134,-0.7183513897435503
Marcelinho Huertas,63,0.4444444444444444,1141.5833333333333,2080,18.12037037037037,-18,-0.28671863412078985,-0.4362266417806968,-0.7229452759014867
Kresimir Nikic,24,0.375,207.61666666666667,379,8.650694444444445,-6,-1.1919728176905033,0.4623954648761079,-0.7295773528143954
Jonas Jerebko,43,0.32558139534883723,1047.6,1971,24.362790697674416,-106,-0.6156287405250502,-0.13680178025083387,-0.7524305207758841
Dorell Wright,27,0.37037037037037035,695.8333333333334,1238,25.771604938271608,-70,-0.618605133753617,-0.13924766855339693,-0.7578528023070139
Vladislav Trushkin,31,0.3225806451612903,280.35,490,9.043548387096775,-35,-0.3818424184315061,-0.37650202527264337,-0.7583444437041496
Jaime Pradilla,17,0.5294117647058824,121.01666666666667,212,7.118627450980392,-18,1.691211400522174,-2.451784844522503,-0.7605734440003291
Ian Vougioukas,75,0.52,639.3,1146,8.524,-42,-0.8654198332802909,0.10394464411814865,-0.7614751891621423
Branko Lazic,113,0.37168141592920356,1975.55,3361,17.482743362831858,-267,-0.9748650604777005,0.21258309686119753,-0.762281963616503
Corey Walden,50,0.38,1153.4833333333333,2077,23.069666666666667,-46,-0.06034036809540561,-0.7197797344339003,-0.780120102529306
Livio Jean-Charles,85,0.4470588235294118,1378.4333333333334,2584,16.21686274509804,-146,-0.8831545268292282,0.1001230734948081,-0.7830314533344201
Suad Sehovic,22,0.2727272727272727,311.21666666666664,544,14.14621212121212,-64,0.677581782208829,-1.4642970165351543,-0.7867152343263253
Lukas Lekavicius,156,0.46794871794871795,2645.983333333333,4902,16.961431623931624,-69,0.11901706538521958,-0.9068330970050137,-0.7878160316197941
Antoine Diot,69,0.34782608695652173,1160.5166666666667,2044,16.819082125603863,-137,-0.3768581270610827,-0.47906223418040733,-0.8559203612414901
Dairis Bertans,91,0.3516483516483517,1575.7,2945,17.315384615384616,-109,0.4921968387412356,-1.3494531665861949,-0.8572563278449592
Ben Bentil,54,0.4444444444444444,850.4,1549,15.748148148148148,-62,-0.7921324298884663,-0.0719858091075746,-0.8641182389960409
Stefan Jankovic,28,0.39285714285714285,330.6,573,11.807142857142859,-19,-0.03804595638942116,-0.8302437519849243,-0.8682897083743455
Pierre Jackson,29,0.4482758620689655,751,1379,25.896551724137932,-83,0.12774140945786105,-1.0003368585652035,-0.8725954491073424
Keenan Evans,33,0.5151515151515151,832,1488,25.21212121212121,-12,-0.7347162478795171,-0.1427621554501612,-0.8774784033296783
Coty Clarke,29,0.20689655172413793,637,1106,21.96551724137931,-145,-1.2098490138381293,0.30658152063040517,-0.903267493207724
Danilo Andjusic,30,0.5,487.06666666666666,892,16.235555555555557,3,0.4486999573130606,-1.3707598321212955,-0.9220598748082349
Ismael Bako,51,0.37254901960784315,650.2,1169,12.749019607843138,-97,-0.6780010843311022,-0.24697592170607116,-0.9249770060371734
Greg Monroe,32,0.21875,731.3333333333334,1363,22.854166666666668,-88,-0.36762096293304414,-0.5643487293200052,-0.9319696922530494
Denis Zakharov,25,0.56,122.6,195,4.904,-10,-0.6157175255197462,-0.32833827240620506,-0.9440557979259513
Eulis Baez,22,0.2727272727272727,456.81666666666666,833,20.76439393939394,-80,-1.2610909919169822,0.3044598424463353,-0.9566311494706469
Konstantinos Mitoglou,106,0.4716981132075472,1673.6,3141,15.788679245283017,-134,-0.3627183363040637,-0.6081229979991102,-0.9708413343031739
Michael Ojo,22,0.36363636363636365,247.63333333333333,458,11.256060606060606,-35,-1.3186922142267739,0.33160636331296744,-0.9870858509138064
Carlos Alocen,37,0.5135135135135135,473.21666666666664,817,12.789639639639638,-29,-1.6385751603012073,0.6500717034060516,-0.9885034568951557
Milko Bjelica,29,0.3793103448275862,752.15,1332,25.936206896551724,-116,-0.12347235791401895,-0.8656280121402667,-0.9891003700542857
Jordan Mickey,103,0.4368932038834951,2405.7833333333333,4687,23.357119741100323,-243,-0.661143352990415,-0.3380865408852514,-0.9992298938756665
Mindaugas Kuzminskas,72,0.4722222222222222,1166.8333333333333,2232,16.20601851851852,-74,0.7522314288829656,-1.7694418183250515,-1.017210389442086
Sander Raieste,20,0.6,107.21666666666667,191,5.360833333333334,-23,-3.150322781742681,2.117763161877076,-1.032559619865605
Marcus Eriksson,86,0.3023255813953488,1908.65,3541,22.19360465116279,-249,-0.2205984407115646,-0.8416490266840749,-1.0622474673956395
Matt Lojeski,52,0.5,900.55,1595,17.31826923076923,-34,-0.7089651102046962,-0.3541832650156907,-1.063148375220387
Alen Omic,40,0.325,681.6666666666666,1265,17.041666666666664,-146,-0.34776119947944717,-0.7206051644118789,-1.068366363891326
Damjan Rudez,11,0.2727272727272727,127.73333333333333,220,11.612121212121211,-7,0.7597556588979505,-1.8553394984353986,-1.095583839537448
Goga Bitadze,13,0.23076923076923078,313.7,567,24.13076923076923,-62,0.26529803473756136,-1.3651591516807393,-1.099861116943178
O J Mayo,20,0.55,261.53333333333336,471,13.076666666666668,-20,-0.584012473448065,-0.5439626975119326,-1.1279751709599974
Stefan Markovic,80,0.4,1670.55,3002,20.881875,-145,-0.43869074662753393,-0.690612781709412,-1.129303528336946
Alexey Shved,120,0.425,3656.4666666666667,7298,30.470555555555556,-343,0.32984483268818027,-1.4685126970918378,-1.1386678644036576
Rakim Sanders,15,0.26666666666666666,304.4166666666667,542,20.294444444444444,-21,1.3882735817963785,-2.533751747950907,-1.1454781661545286
Jordan Taylor,26,0.34615384615384615,503.3333333333333,934,19.358974358974358,-65,-0.7303085155182297,-0.4190675875662234,-1.1493761030844531
Giampaolo Ricci,35,0.6,432.35,716,12.352857142857143,-39,-0.9011573049406958,-0.25892679749190817,-1.160084102432604
Kostas Antetokounmpo,26,0.2692307692307692,342.3666666666667,609,13.167948717948718,-67,-1.6257022392966733,0.4560710340904274,-1.169631205206246
Jonas Mattisseck,85,0.3411764705882353,1165.3333333333333,2084,13.709803921568627,-175,-0.8219658834601359,-0.35108266858236586,-1.1730485520425018
Zach Auguste,35,0.37142857142857144,299.71666666666664,534,8.563333333333333,-20,-1.236362647914049,0.05339235654841631,-1.1829702913656328
Ray McCallum,46,0.32608695652173914,1000.0166666666667,1792,21.73949275362319,-118,0.12182376482133811,-1.3067801949496785,-1.1849564301283404
Peyton Siva,43,0.3488372093023256,885.55,1685,20.594186046511627,-108,-0.7217432098083018,-0.47759552475986133,-1.1993387345681632
Yigitcan Saybir,6,0.5,18.733333333333334,37,3.1222222222222222,0,-2.3685597392362836,1.1681720842959673,-1.2003876549403163
Usman Garuba,53,0.660377358490566,798.9666666666667,1412,15.074842767295598,-80,-1.4201205237581576,0.2166623787008245,-1.2034581450573332
Artem Pustovyi,25,0.44,195.61666666666667,349,7.824666666666667,-13,-0.033358033725955034,-1.1739528503831342,-1.2073108841090894
Erick Green,56,0.5892857142857143,1040.6666666666667,1788,18.583333333333336,-16,0.279498201451569,-1.4925857875927258,-1.2130875861411567
Ricky Hickman,28,0.39285714285714285,667.8666666666667,1192,23.85238095238095,-89,-1.0713664312423268,-0.1551560964081182,-1.226522527650445
Nemanja Nedovic,107,0.38317757009345793,2503.0833333333335,4802,23.39330218068536,-171,0.795058505124585,-2.026602276474075,-1.2315437713494903
Stephane Lasme,18,0.4444444444444444,290.3,510,16.12777777777778,-30,-2.6095949728929746,1.3775187229939998,-1.2320762498989748
James Feldeine,28,0.35714285714285715,697.1833333333333,1256,24.89940476190476,-118,-0.3623318823878485,-0.8766403076765188,-1.2389721900643673
Albert Oliver,28,0.2857142857142857,406.05,731,14.501785714285715,-82,-1.9278039739656894,0.673634066979089,-1.2541699069866004
Alberto Diaz,30,0.43333333333333335,573.7166666666667,970,19.12388888888889,-68,-0.8929453004313747,-0.3700435450287891,-1.2629888454601637
Charles Kahudi,80,0.35,1663.95,2938,20.799375,-262,-1.1610170053366275,-0.1145394019771823,-1.27555640731381
Vyacheslav Zaytsev,88,0.3181818181818182,1093.9666666666667,1986,12.431439393939394,-233,-1.1823179344533934,-0.09980821492181059,-1.282126149375204
Marial Shayok,15,0.26666666666666666,217.26666666666668,370,14.484444444444446,-22,-2.035275223301428,0.7526812246272646,-1.2825939986741632
Xavier Rabaseda,28,0.25,556.1833333333333,1005,19.863690476190474,-140,-0.6535941126059854,-0.6309861996876891,-1.2845803122936745
Kevin Seraphin,42,0.47619047619047616,684.7333333333333,1211,16.303174603174604,-37,-0.294760513098398,-0.9911940995412599,-1.285954612639658
Jordan Theodore,23,0.34782608695652173,604.6166666666667,1061,26.28768115942029,-65,0.2901786139697797,-1.581315226093033,-1.2911366121232533
Louis Olinde,64,0.3125,939.9166666666666,1662,14.686197916666666,-132,-0.8995318888281854,-0.4042117885033535,-1.3037436773315387
Ognjen Dobric,109,0.3577981651376147,1962.5333333333333,3432,18.004892966360856,-260,-0.2579086615172174,-1.047990266592856,-1.3058989281100735
Dimitrios Agravanis,8,0.75,90.75,157,11.34375,-3,-2.783662622196606,1.462641724195633,-1.3210208980009728
Norris Cole,73,0.3835616438356164,1876.2666666666667,3452,25.70228310502283,-277,-0.7998185551661228,-0.5243773959034599,-1.3241959510695827
Zanis Peiners,28,0.17857142857142858,490.71666666666664,889,17.52559523809524,-90,-0.3708567153363111,-0.9542961768532009,-1.325152892189512
Melih Mahmutoglu,124,0.6048387096774194,1502.4333333333334,2625,12.116397849462366,-25,-0.07876966446532284,-1.2484892339186968,-1.3272588983840197
Dylan Ennis,18,0.3333333333333333,234,422,13,-30,-0.8554146137165101,-0.47321816447205517,-1.3286327781885652
Oguz Savas,27,0.14814814814814814,363.76666666666665,653,13.47283950617284,-84,-1.6078324725737014,0.26876572860693476,-1.3390667439667667
Trey Kell,4,1,50.083333333333336,86,12.520833333333334,-16,-0.4860283901307827,-0.8549100962984334,-1.340938486429216
Kyle Wiltjer,24,0.5833333333333334,231.51666666666668,397,9.646527777777779,-17,0.18470094497757308,-1.529694782509687,-1.3449938375321138
Dmitrii Kadoshnikov,5,0,9.433333333333334,18,1.8866666666666667,-2,3.132054527519025,-4.486416657800054,-1.3543621302810287
Alan Makiev,1,0,0.9166666666666666,2,0.9166666666666666,0,-4.100197942921671,2.7427371075547478,-1.3574608353669233
Danilo Barthel,94,0.3723404255319149,2087.4,3837,22.206382978723404,-244,-0.7144216570163392,-0.6467343911043917,-1.3611560481207308
Vladimir Stimac,51,0.3137254901960784,917.2333333333333,1834,17.98496732026144,-75,-1.745274095537901,0.36947758147032433,-1.3757965140675765
Egor Vyaltsev,71,0.38028169014084506,876.65,1565,12.347183098591549,-123,-0.3524698111188565,-1.0262391339068477,-1.3787089450257042
Jaleen Smith,33,0.42424242424242425,695.2,1217,21.066666666666666,-94,-0.9498820960070705,-0.43499412104246105,-1.3848762170495315
Ilimane Diop,112,0.4732142857142857,1081.6166666666666,1908,9.657291666666666,-40,-1.816109736002168,0.4305216015879379,-1.3855881344142302
Kameron Taylor,19,0.47368421052631576,266.2,457,14.010526315789473,-29,0.1345822081837067,-1.5327012381871865,-1.3981190300034798
James Nnaji,13,0.6153846153846154,76.53333333333333,131,5.887179487179487,-21,-3.8115643338083407,2.4072759791366773,-1.4042883546716634
Juan Carlos Navarro,22,0.36363636363636365,342.51666666666665,627,15.568939393939393,-27,-0.6386237987972153,-0.7693334753591841,-1.4079572741563995
Arturs Kurucs,47,0.40425531914893614,308.5833333333333,537,6.565602836879433,-46,-1.0024230659962652,-0.409615516100418,-1.4120385820966832
Georgios Bogris,40,0.575,237.9,399,5.9475,-44,-2.521095667401275,1.0994584421106888,-1.4216372252905862
Matthew Strazel,66,0.3333333333333333,938.4666666666667,1645,14.21919191919192,-173,-0.8273002910044286,-0.6156134513751393,-1.442913742379568
Kevarrius Hayes,20,0.4,215.78333333333333,401,10.789166666666667,-26,-0.9802869222528973,-0.4649404407519569,-1.4452273630048542
Joffrey Lauvergne,86,0.5348837209302325,1524.5833333333333,2742,17.72771317829457,-113,0.44843125592092736,-1.8955182157025472,-1.4470869597816198
Brian Roberts,32,0.5625,592.2,1029,18.50625,-6,-0.5734843373392436,-0.8853515518254734,-1.458835889164717
Taylor Rochestie,60,0.36666666666666664,1177.6833333333334,2215,19.628055555555555,-117,0.7565770917860671,-2.2357035349563126,-1.4791264431702453
Davion Berry,3,0.3333333333333333,48.86666666666667,89,16.288888888888888,-12,1.1651997916316335,-2.646583279291373,-1.4813834876597394
Nikola Jovanovic,22,0.3181818181818182,170.93333333333334,295,7.7696969696969695,-34,0.8706123942760726,-2.358257611552989,-1.4876452172769166
Andrew Goudelock,25,0.32,653.8333333333334,1149,26.153333333333336,-71,0.4802340156294395,-2.0158823232152985,-1.535648307585859
Johnny O'Bryant,46,0.391304347826087,1035.65,1821,22.51413043478261,-104,-0.6018163113909847,-0.9363592827315038,-1.5381755941224884
Daryl Macon,31,0.2903225806451613,802.2833333333333,1403,25.88010752688172,-92,-0.6175490846242414,-0.94400357455099,-1.5615526591752316
Langston Hall,21,0.3333333333333333,340.6,587,16.219047619047622,-60,-2.984756085884895,1.410359660028605,-1.5743964258562901
Tyrese Rice,28,0.5357142857142857,482.15,908,17.219642857142855,-62,-0.6435202145334435,-0.9398458704767086,-1.583366085010152
Eleftherios Bochoridis,50,0.32,713.95,1267,14.279000000000002,-83,-0.561141302300959,-1.029129099182559,-1.590270401483518
Johannes Thiemann,70,0.37142857142857144,1243.9,2256,17.77,-178,-0.8182786686096293,-0.7741501440978682,-1.5924288127074975
Marco Spissu,25,0.52,360.1666666666667,630,14.406666666666668,-48,-1.741832319404785,0.14865907598165914,-1.5931732434231258
Adreian Payne,29,0.41379310344827586,380.53333333333336,734,13.121839080459772,-36,-0.009075775073288606,-1.5867587874937457,-1.5958345625670343
Gavin Schilling,11,0.2727272727272727,55.233333333333334,87,5.0212121212121215,-20,3.1166869628537266,-4.723248184766465,-1.6065612219127385
Amath M'Baye,30,0.3333333333333333,529.0333333333333,912,17.634444444444444,-84,0.1869157139472586,-1.7980315619667786,-1.61111584801952
Keifer Sykes,15,0.26666666666666666,255.95,515,17.063333333333333,-24,-2.562934048997407,0.9501197606356129,-1.612814288361794
Niels Giffey,80,0.3,1458.0833333333333,2873,18.226041666666667,-225,-0.5052579076627682,-1.1154830777024987,-1.6207409853652668
Petr Gubanov,11,0.18181818181818182,105.05,187,9.549999999999999,-18,0.08542679615329517,-1.7097937450089167,-1.6243669488556216
Colton Iverson,26,0.3076923076923077,416.3666666666667,741,16.014102564102565,-74,-1.9516663192512202,0.3251573411317097,-1.6265089781195106
Clevin Hannah,18,0.2222222222222222,367.76666666666665,699,20.43148148148148,-87,-0.26376476210553,-1.3736298123991415,-1.6373945745046714
Jeremy Pargo,11,0.5454545454545454,209.78333333333333,379,19.07121212121212,-30,-2.546794215779372,0.9067211290800865,-1.6400730866992854
Evgeny Valiev,12,0.16666666666666666,174.31666666666666,314,14.526388888888889,-47,-1.9435835987548562,0.2866172144698449,-1.6569663842850113
Kendrick Ray,17,0.47058823529411764,186.85,335,10.991176470588234,-24,-0.8675888835107218,-0.7924967673418735,-1.6600856508525954
Octavius Ellis,40,0.5,618.1666666666666,1098,15.454166666666666,-63,-2.5233224051694423,0.857054341640171,-1.6662680635292713
Stanton Kidd,30,0.16666666666666666,654.1666666666666,1165,21.805555555555554,-158,-0.8606625625203063,-0.8118699178872726,-1.672532480407579
Jon Diebler,28,0.17857142857142858,509.71666666666664,931,18.204166666666666,-104,-0.4349650717678727,-1.2428432768463524,-1.6778083486142252
Curtis Jerrells,54,0.42592592592592593,949.0666666666667,1678,17.575308641975308,-122,-0.04471998548480237,-1.6389976301919942,-1.6837176156767966
Zan Mark Sisko,27,0.4444444444444444,480.35,791,17.79074074074074,-52,-0.24164444478657535,-1.4442691948009145,-1.6859136395874899
Jonah Bolden,29,0.4482758620689655,613.8833333333333,1120,21.1683908045977,-94,-0.9224063046322377,-0.7844095558362713,-1.706815860468509
Aleksej Nikolic,29,0.3793103448275862,354.55,602,12.225862068965517,-63,-0.250804531582373,-1.4563072879289647,-1.7071118195113377
Ethan Happ,1,0,0.75,1,0.75,-2,22.43879698783885,-24.147035519479708,-1.708238531640859
Marcus Foster,16,0.25,229.98333333333332,405,14.373958333333333,-25,-1.5142491110936611,-0.1977334041313046,-1.7119825152249657
Jeremy Evans,91,0.32967032967032966,1755.7166666666667,3437,19.293589743589745,-350,-0.2374368616494105,-1.4773051030703843,-1.7147419647197948
Aaron Harrison,27,0.48148148148148145,472.46666666666664,826,17.498765432098764,-35,-0.07233296982596416,-1.6590539672762237,-1.731386937102188
Maik Zirbes,11,0.2727272727272727,99.13333333333334,173,9.012121212121214,-13,-1.0826610665979888,-0.6552964296914333,-1.7379574962894222
Ognjen Kuzmic,91,0.4065934065934066,1322.3833333333334,2359,14.531684981684982,-158,-1.2147229586104384,-0.5441805616652255,-1.758903520275664
Cory Jefferson,18,0.2222222222222222,212.86666666666667,366,11.825925925925926,-39,-1.3068673276443192,-0.48061540306431955,-1.7874827307086387
Victor Wembanyama,13,0.3076923076923077,227.35,396,17.48846153846154,-53,-2.0395017021980855,0.2449387594827441,-1.7945629427153413
Thomas Robinson,24,0.4583333333333333,352.46666666666664,644,14.68611111111111,-51,-2.2447472413238474,0.4405580475942278,-1.8041891937296195
Sergey Karasev,72,0.3611111111111111,1045.2,1999,14.516666666666667,-199,-2.358269634440926,0.5431602751502904,-1.8151093592906355
Brock Motum,109,0.48623853211009177,1435.25,2739,13.167431192660551,-146,-0.5248757620367706,-1.2966910100169617,-1.8215667720537323
Alexandros Nikolaidis,4,0.5,24.966666666666665,55,6.241666666666666,-3,-8.786232427488489,6.936876913205131,-1.8493555142833582
Karam Mashour,6,0.5,40.833333333333336,76,6.805555555555556,-9,2.77125073412555,-4.624712267158026,-1.8534615330324762
Shelvin Mack,37,0.32432432432432434,618.7666666666667,1183,16.723423423423423,-83,-0.8278698301344563,-1.0271173205691309,-1.854987150703587
Diego Flaccadori,44,0.4090909090909091,298.3,520,6.779545454545455,-73,-0.46624420469393446,-1.39012938183423,-1.8563735865281643
Edwin Jackson,56,0.30357142857142855,1260.1166666666666,2339,22.50208333333333,-251,-0.882019020285149,-0.9782413320577772,-1.8602603523429262
Kartal Ozmizrak,23,0.17391304347826086,361.35,638,15.710869565217392,-94,-0.6772149122948898,-1.185024867023384,-1.862239779318274
Jarell Eddie,32,0.53125,541.25,950,16.9140625,-74,0.5849806114656838,-2.4476747584629512,-1.8626941469972675
Steve Vasturia,19,0.42105263157894735,222.56666666666666,376,11.714035087719298,-41,-2.135186391168124,0.2547566875403015,-1.8804297036278226
Vasilis Charalampopoulos,13,0.46153846153846156,95.65,162,7.357692307692308,-14,-1.5594269700677488,-0.3256934870038244,-1.8851204570715732
Sergey Monia,100,0.35,1495.1666666666667,2662,14.951666666666668,-312,-0.4054219662573416,-1.4900548012138455,-1.895476767471187
Derrick Walton,25,0.4,374.6166666666667,646,14.984666666666667,-50,-1.8033067360639619,-0.09278585431622213,-1.896092590380184
Sandy Cohen,29,0.4482758620689655,192.93333333333334,351,6.652873563218391,-13,-1.7566607310154918,-0.17183038844873275,-1.9284911194642245
Berk Demir,33,0.15151515151515152,288.76666666666665,546,8.75050505050505,-94,0.17041335158784268,-2.0992370488757213,-1.9288236972878785
Kenny Gabriel,32,0.625,366.53333333333336,642,11.454166666666667,-65,-0.9956624081907254,-1.0376243962929765,-2.033286804483702
Nikos Diplaros,3,0,15.966666666666667,32,5.322222222222222,-5,-0.8888140739192437,-1.1500055666333178,-2.0388196405525614
Luka Mitrovic,47,0.44680851063829785,837.0166666666667,1454,17.80886524822695,-110,-1.342677268228883,-0.7397143138276301,-2.082391582056513
Toney Douglas,34,0.20588235294117646,811.7,1511,23.873529411764707,-204,-1.3232197640652401,-0.7786831358982316,-2.1019028999634717
Luis Scola,28,0.35714285714285715,535.35,1001,19.119642857142857,-86,-2.1106851023239326,-0.06649315022964446,-2.177178252553577
Dennis Seeley,27,0.5555555555555556,548.1666666666666,985,20.30246913580247,-41,0.3093948200944146,-2.495865553416355,-2.1864707333219404
Filip Petrusev,22,0.4090909090909091,204.76666666666668,362,9.307575757575759,-22,-1.1444496733718879,-1.054652075188529,-2.199101748560417
Leon Radosevic,132,0.44696969696969696,1974.9666666666667,3391,14.961868686868687,-322,-1.8560781319137258,-0.34603550863559784,-2.2021136405493236
Steven Enoch,32,0.375,652.1833333333333,1137,20.380729166666665,-78,-0.7150954104747251,-1.4881935965192767,-2.2032890069940017
Garlon Green,11,0.36363636363636365,162.43333333333334,269,14.766666666666667,-24,-1.2068889471275597,-1.0008707291151178,-2.207759676242677
Tyler Cavanaugh,49,0.24489795918367346,1049.2166666666667,1956,21.412585034013606,-200,-1.1746708552292378,-1.0501895220674666,-2.2248603772967046
Fernando San Emeterio,68,0.39705882352941174,1182.5,2100,17.389705882352942,-153,-0.861545459654934,-1.3723847944543859,-2.23393025410932
Tamir Blatt,30,0.36666666666666664,450.6333333333333,801,15.02111111111111,-78,-1.8024494917753424,-0.45997888817451277,-2.262428379949855
Dj Strawberry,29,0.27586206896551724,632.0666666666667,1159,21.795402298850576,-191,-1.2043464775463941,-1.0859877601656684,-2.2903342377120626
Andreas Obst,31,0.5161290322580645,216.38333333333333,372,6.98010752688172,-22,-0.9311271020406028,-1.3598705622974205,-2.290997664338023
Anton Pushkov,38,0.39473684210526316,224.26666666666668,394,5.901754385964913,-59,-2.9641129824717565,0.6354801528459747,-2.3286328296257817
Joan Sastre,46,0.41304347826086957,811.0166666666667,1409,17.630797101449275,-147,-1.6220178938482406,-0.7108583654466761,-2.332876259294917
Eleftherios Mantzoukas,18,0.4444444444444444,168.08333333333334,297,9.337962962962964,-31,-0.9469503007520457,-1.4257833764516132,-2.3727336772036587
Errick McCollum,57,0.19298245614035087,1339.7833333333333,2593,23.504970760233917,-245,-0.6177458038802315,-1.785032606108248,-2.4027784099884792
Quino Colom,34,0.38235294117647056,589.5333333333333,1131,17.33921568627451,-54,-0.4711619559879494,-1.9440624629612575,-2.415224418949207
Kim Tillie,39,0.3076923076923077,655.5833333333334,1248,16.80982905982906,-179,-0.5641506578944203,-1.8539483570429867,-2.418099014937407
Tolga Gecim,21,0.5714285714285714,107.16666666666667,196,5.103174603174604,-7,-2.7176423243168997,0.2697901670981666,-2.4478521572187333
Jehyve Floyd,24,0.3333333333333333,286.9166666666667,539,11.954861111111112,-40,-3.340739862735847,0.8873294919393775,-2.4534103707964694
Dzanan Musa,4,0.75,11.766666666666667,21,2.941666666666667,-1,-0.9433164354529409,-1.547083048240154,-2.490399483693095
Malte Delow,59,0.3728813559322034,642.15,1141,10.883898305084745,-132,-1.8581067689092319,-0.6425435458206642,-2.500650314729896
Georgios Kalaitzakis,16,0.5,64.45,116,4.028125,-10,-1.468230434892193,-1.0340914281371656,-2.5023218630293584
Joshua Huestis,15,0.26666666666666666,198.93333333333334,355,13.262222222222222,-44,-2.9007364866436363,0.3692108209688275,-2.531525665674809
Itay Segev,9,0.3333333333333333,72,135,8,-6,-4.3167827320099965,1.7583728462929316,-2.558409885717065
Dragan Milosavljevic,27,0.4074074074074074,500.05,873,18.520370370370372,-92,-2.83842644023622,0.23331659399744886,-2.605109846238771
Aaron Jackson,12,0.6666666666666666,207.61666666666667,379,17.30138888888889,-36,-3.278506191083699,0.6664828050191544,-2.6120233860645445
Nemanja Gordic,30,0.2,699.15,1232,23.305,-197,-0.7693218843180497,-1.8524821308923423,-2.621804015210392
Landry Nnoko,55,0.3090909090909091,1107.2666666666667,2153,20.132121212121213,-231,-1.0253341597391676,-1.6027161714767113,-2.6280503312158787
Aleksa Radanov,14,0.2857142857142857,160.46666666666667,274,11.461904761904762,-39,-1.3583047442827318,-1.313118787838422,-2.671423532121154
Mathias Lessort,57,0.3684210526315789,935.55,1680,16.41315789473684,-209,-1.5602325814241678,-1.1341748471408963,-2.6944074285650643
Markel Starks,4,0.25,36.05,65,9.0125,-7,-2.7636406167515464,0.0035610416621477295,-2.7600795750893985
Michael Eric,71,0.38028169014084506,1172.65,2310,16.516197183098594,-271,-2.228068257561757,-0.5376143013883655,-2.7656825589501226
James Bell,16,0.1875,310.2,562,19.3875,-100,-2.2520731009056645,-0.5470834201831157,-2.79915652108878
Paul Biligha,29,0.5517241379310345,217.5,387,7.5,-61,-3.112511942755412,0.28967931064019176,-2.82283263211522
Kalin Lucas,3,0.3333333333333333,38.483333333333334,72,12.827777777777778,-7,-3.5796626219266363,0.6847931973802115,-2.8948694245464246
Kendrick Perry,19,0.21052631578947367,316.06666666666666,558,16.635087719298244,-83,-2.6265011144164925,-0.3542889070271135,-2.980790021443606
Dmitry Khvostov,36,0.3888888888888889,368.28333333333336,650,10.230092592592593,-62,-1.761768714402086,-1.2591430877416452,-3.020911802143731
Ricky Ledo,13,0.23076923076923078,272.9,490,20.99230769230769,-78,-0.738078384470556,-2.29137806331388,-3.029456447784436
Siim-Sander Vene,18,0.16666666666666666,270.5833333333333,495,15.032407407407407,-94,-0.9528669782760749,-2.1184321327857423,-3.0712991110618173
Kevin Jones,11,0.45454545454545453,163.03333333333333,299,14.82121212121212,-25,-1.7502991166824675,-1.342801656985357,-3.0931007736678247
Alex King,32,0.28125,191.08333333333334,345,5.971354166666667,-55,-1.3980236347722923,-1.6968020882959138,-3.0948257230682064
Filip Barovic,28,0.21428571428571427,340.21666666666664,598,12.150595238095237,-113,-3.108466565181977,0.011897492979845216,-3.096569072202132
Theo Maledon,22,0.3181818181818182,375.45,693,17.06590909090909,-113,-1.6132352748655376,-1.495355725218886,-3.1085910000844237
Lamar Peters,15,0.26666666666666666,260.78333333333336,473,17.38555555555556,-28,-2.1216661276976994,-0.990898269910852,-3.1125643976085513
Kosta Koufos,25,0.6,243.1,461,9.724,-37,-2.0738775363578745,-1.0460999164551081,-3.1199774528129827
Kenan Sipahi,10,0.2,57.983333333333334,93,5.798333333333334,-26,-3.0414087727267134,-0.08210658068959484,-3.123515353416308
Josh Nebo,28,0.2857142857142857,634.6166666666667,1042,22.66488095238095,-163,-2.81568133757596,-0.36054896051764146,-3.1762302980936017
Vladislav Odinokov,7,0,68.48333333333333,123,9.783333333333333,-28,-1.3045159271925282,-1.8722118481911632,-3.176727775383691
Yogi Ferrell,5,0.2,39.983333333333334,70,7.996666666666667,-17,-2.8012108685694286,-0.3940689891720462,-3.195279857741475
Eli Ndiaye,4,1,14.533333333333333,23,3.6333333333333333,-7,1.1764098580613433,-4.454285640808473,-3.277875782747129
Marko Simonovic,37,0.35135135135135137,584.4666666666667,981,15.796396396396398,-143,-1.602378717347134,-1.701839008363059,-3.304217725710193
Oriol Pauli,29,0.2413793103448276,408.51666666666665,741,14.086781609195402,-119,-1.5857534283758306,-1.7444823439553054,-3.330235772331136
Emircan Kosut,15,0.13333333333333333,124.63333333333334,228,8.30888888888889,-37,-1.4525161053563886,-1.9183188675737446,-3.3708349729301332
Earl Clark,29,0.20689655172413793,798.1833333333333,1411,27.5235632183908,-277,-1.1381110339266194,-2.2471316610943104,-3.3852426950209296
Josh Adams,16,0.25,268.0833333333333,477,16.755208333333332,-74,-1.450834307516565,-1.9776718094052328,-3.428506116921798
Jacob Wiley,31,0.5161290322580645,430.3666666666667,848,13.882795698924731,-106,-1.1628807121120783,-2.2719284031653024,-3.434809115277381
Nikola Radicevic,23,0.30434782608695654,348.96666666666664,638,15.172463768115941,-125,-2.168550468604442,-1.2756770418971453,-3.4442275105015874
Petar Popovic,21,0.14285714285714285,285.03333333333336,506,13.573015873015875,-119,-1.6602198430620088,-1.911560711537929,-3.571780554599938
Jarrell Brantley,23,0.5217391304347826,294.2,514,12.791304347826086,-60,-3.4948001822121877,-0.10040101245025446,-3.595201194662442
Rion Brown,8,0.75,16.266666666666666,30,2.033333333333333,-7,-1.6537569183392367,-2.109291269756805,-3.763048188096042
Iftah Ziv,23,0.5652173913043478,167.85,288,7.297826086956522,-57,0.11483044242168101,-3.916463851619193,-3.801633409197512
Dwight Buycks,3,0.3333333333333333,43.516666666666666,80,14.505555555555555,-20,-1.7111089440333582,-2.096124262775686,-3.8072332068090446
Tim Schneider,66,0.30303030303030304,759.8333333333334,1386,11.512626262626263,-237,-0.9940907744169806,-2.8187021572356032,-3.812792931652584
Allerik Freeman,18,0.2777777777777778,372.85,660,20.71388888888889,-96,-2.011267197581416,-1.8083166896276062,-3.819583887209022
Thomas Bray,16,0.375,245.16666666666666,449,15.322916666666666,-81,-3.533419710519167,-0.2896166530950719,-3.823036363614239
Emmanuel Mudiay,5,0,96.03333333333333,167,19.206666666666667,-20,-4.351750211694334,0.47262177746048356,-3.8791284342338503
Tai Webster,21,0.3333333333333333,263.81666666666666,443,12.562698412698413,-82,-2.4333998330326065,-1.518802450104345,-3.9522022831369514
Kenneth Faried,7,0.42857142857142855,53.9,94,7.7,-6,1.7910803884893218,-5.819804207694973,-4.028723819205651
Charles Galliou,18,0.2777777777777778,113.51666666666667,202,6.306481481481481,-40,-0.7066291714568227,-3.347022347876719,-4.053651519333542
Christian Burns,18,0.3888888888888889,65.58333333333333,121,3.643518518518518,-17,-2.0887386424443832,-1.9760916558368515,-4.064830298281235
Briante Weber,8,0.375,194.15,348,24.26875,-22,-1.6743025049264648,-2.393817498532798,-4.068120003459263
Nikos Zisis,27,0.3333333333333333,604.35,1065,22.383333333333333,-202,-2.844738404689323,-1.2890032030342617,-4.133741607723585
Mario Nakic,3,1,11.6,22,3.8666666666666667,-3,-2.030699231790015,-2.10692245559058,-4.137621687380594
Marcos Knight,17,0.17647058823529413,375.9166666666667,651,22.112745098039216,-133,-2.289496946533687,-1.9129889502486968,-4.202485896782384
Dejan Musli,24,0.3333333333333333,398.3833333333333,727,16.599305555555556,-89,-1.7213590645311947,-2.4876366458733554,-4.20899571040455
Demarcus Nelson,17,0.35294117647058826,211.83333333333334,386,12.46078431372549,-89,-3.5250067776468,-0.7145357401529456,-4.2395425177997454
Anton Ponkrashov,31,0.22580645161290322,407.51666666666665,807,13.145698924731182,-147,-3.011032899246702,-1.3148934061047772,-4.325926305351479
Birkan Batuk,23,0.30434782608695654,261.35,442,11.36304347826087,-111,-2.306375220892319,-2.034614891495549,-4.340990112387868
Viny Okouo,11,0.5454545454545454,99.4,172,9.036363636363637,-31,-3.712691478665311,-0.7469089195150167,-4.459600398180328
Rob Gray,8,0.375,82.58333333333333,155,10.322916666666666,-30,-2.7001502582205412,-1.7653222439247775,-4.465472502145319
Andrew Harrison,4,0,89.11666666666666,163,22.279166666666665,-36,-3.0962199122952323,-1.4017807011938268,-4.498000613489059
Derrick Brown,25,0.2,473.53333333333336,874,18.941333333333333,-169,-2.028744926830461,-2.519486094961686,-4.548231021792147
Egehan Arna,4,0.75,13.35,24,3.3375,-1,1.2498757291833158,-5.8068656743285265,-4.556989945145211
Marvin Ogunsipe,10,0.5,62.45,107,6.245,-32,-0.191600650824559,-4.3688575595442565,-4.560458210368815
Victor Khryapa,16,0.75,105.26666666666667,189,6.579166666666667,-10,-1.241019152881029,-3.323135439034171,-4.5641545919152
Aleksej Pokusevski,3,1,6.633333333333334,13,2.2111111111111112,-3,-5.972581905535368,1.3745713151602752,-4.598010590375093
Markel Brown,20,0.1,350.1666666666667,640,17.508333333333333,-152,-3.3592077114526475,-1.2501681730070588,-4.609375884459706
Evgeny Voronov,38,0.23684210526315788,550.4166666666666,1050,14.484649122807017,-222,-3.446671975179445,-1.198611352957415,-4.64528332813686
Sergi Garcia,23,0.34782608695652173,207.13333333333333,369,9.005797101449275,-66,-3.4524565265221736,-1.2219217530858273,-4.674378279608001
Tryggvi Hlinason,11,0.45454545454545453,89.35,159,8.122727272727273,-31,-2.8314520269794805,-1.9287810142486543,-4.760233041228135
Nik Stauskas,19,0.3157894736842105,387.1666666666667,718,20.37719298245614,-108,-2.627187189704634,-2.1420848387533993,-4.769272028458033
Viacheslav Zaitcev,8,0.5,76.68333333333334,130,9.585416666666667,-27,-4.463519024105654,-0.3293933750296251,-4.792912399135279
Martynas Sajus,12,0.6666666666666666,36.1,60,3.0083333333333333,-13,-0.2683221708643636,-4.5621324352406925,-4.830454606105056
Gytis Masiulis,12,0.5,38.35,74,3.1958333333333333,-7,-2.004195023720301,-2.8293601797275336,-4.833555203447835
Ibrahima Faye,15,0.3333333333333333,106.66666666666667,179,7.111111111111112,-33,-3.488845462135298,-1.356279068538078,-4.845124530673376
Marcus Franklee Foster,4,0.5,49.71666666666667,95,12.429166666666667,-17,-6.237904398616461,1.282465427715647,-4.955438970900814
Kyle O'Quinn,15,0.5333333333333333,234.6,411,15.639999999999999,-60,-1.766229979754578,-3.352199175015494,-5.118429154770071
Robin Amaize,24,0.4583333333333333,113.11666666666666,207,4.7131944444444445,-54,-2.9251579671177996,-2.2365023127873593,-5.161660279905159
Muhammed Baygul,22,0.13636363636363635,295.9,534,13.45,-140,-3.569061473484372,-1.6701572591821303,-5.239218732666503
Jordan McRae,3,0.6666666666666666,45.88333333333333,81,15.294444444444444,-14,-4.467536250166785,-0.7867840564661095,-5.254320306632895
Mo Soluade,11,0.2727272727272727,113.1,201,10.281818181818181,-49,-3.6636613058183283,-1.716324612698567,-5.379985918516895
Michael Caicedo Sanchez,11,0.6363636363636364,95.13333333333334,164,8.648484848484848,-34,-3.442800882435159,-2.0093727635056258,-5.452173645940785
Elwin Ndjock,2,0,8.033333333333333,15,4.016666666666667,-2,-0.5469023760369828,-4.914580310960473,-5.461482686997456
Sead Sehovic,7,0.14285714285714285,57.68333333333333,109,8.24047619047619,-31,-3.4601996816310954,-2.135514280432659,-5.595713962063755
Tristan Vukcevic,12,0.75,86.68333333333334,155,7.223611111111111,-20,-0.9108939506153497,-4.818783268177016,-5.729677218792366
Sonny Weems,6,0,182.45,319,30.40833333333333,-80,-1.441426629061694,-4.315934194459171,-5.757360823520865
Giorgi Shermadini,23,0.43478260869565216,333.45,581,14.497826086956522,-123,-4.337514970976305,-1.4686607115856376,-5.806175682561943
Tj Bray,3,0.6666666666666666,9.533333333333333,19,3.1777777777777776,-5,-1.8410018735383635,-4.001059789566093,-5.842061663104457
Devin Williams,6,0,66.38333333333334,117,11.06388888888889,-37,-0.11118467857480085,-5.779142090133392,-5.890326768708192
Tj Cline,3,0.3333333333333333,24.616666666666667,42,8.205555555555556,-10,0.2845019278998607,-6.248581527679727,-5.964079599779867
Willie Reed,11,0.2727272727272727,119.21666666666667,229,10.837878787878788,-49,-0.8505327435174461,-5.16198611212088,-6.0125188556383264
Rodions Kurucs,4,0.75,16.116666666666667,27,4.029166666666667,-11,-2.866172781804023,-3.2837116181917816,-6.149884399995805
Ajdin Penava,4,0.75,13.316666666666666,25,3.3291666666666666,-4,-7.489116499124369,1.239120616404416,-6.249995882719952
Aleksander Balcerowski,6,0.3333333333333333,73.71666666666667,136,12.286111111111111,-37,-3.6417575087465504,-3.113551778175,-6.75530928692155
Lucas Fischer,2,0.5,10.616666666666667,19,5.308333333333334,-10,-5.453614583908826,-1.362039674619571,-6.815654258528397
Urban Klavzar,1,1,22.883333333333333,40,22.883333333333333,-8,-5.463081107469801,-1.3638607665500517,-6.826941874019853
Lukas Uleckas,4,0.5,25.366666666666667,46,6.341666666666667,-2,-8.393608858151248,1.5364161596290318,-6.8571926985222165
Josh Magette,6,0,107.13333333333334,184,17.855555555555558,-50,-2.019528352961109,-4.968375279006666,-6.987903631967775
Kymany Houinsou,3,0.6666666666666666,22.833333333333332,38,7.611111111111111,-13,-6.738373062464625,-0.32387055750936694,-7.062243619973992
Rafa Villar,1,1,3.1333333333333333,6,3.1333333333333333,-1,-14.929684144425176,7.835635421034639,-7.094048723390537
Laurynas Birutis,17,0.4117647058823529,117.13333333333334,196,6.890196078431373,-57,-3.7533769644228583,-3.3589756993905997,-7.112352663813458
Filip Covic,13,0.5384615384615384,178.8,320,13.753846153846155,-98,-5.020934099009518,-2.1482347979311793,-7.169168896940698
Miguel Gonzalez,13,0.6153846153846154,43.35,78,3.3346153846153848,-15,-3.5026557108726095,-3.7791814953663305,-7.28183720623894
Athanasios Antetokounmpo,5,0.2,43.68333333333333,77,8.736666666666666,-24,-0.8952939717380823,-6.6034375527768345,-7.498731524514917
Alexander Khomenko,22,0.6363636363636364,129.48333333333332,230,5.88560606060606,-62,-6.074185553658112,-1.7514680358921328,-7.825653589550245
Pavel Korobkov,4,0.75,33.333333333333336,61,8.333333333333334,-9,3.4089837081949668,-11.297623864622045,-7.888640156427078
Justin Doellman,3,0,40.55,73,13.516666666666666,-17,-4.568191776332848,-3.6711094573793455,-8.239301233712194
Aaron Craft,4,0,68.36666666666666,122,17.091666666666665,-51,-7.281977317563952,-1.2187949402046225,-8.500772257768574
Tommaso Baldasso,3,0.3333333333333333,17.85,32,5.95,-2,-1.7434102346853262,-6.783078493124682,-8.526488727810008
Bobby Brown,9,0.3333333333333333,86.96666666666667,153,9.662962962962963,-46,-3.1710107604047186,-5.523776606245062,-8.69478736664978
Johnny Hamilton,9,0.3333333333333333,56.333333333333336,97,6.2592592592592595,-36,-7.804938603553376,-0.9317846083203017,-8.736723211873677
Neoklis Avdalas,6,0.5,14.966666666666667,25,2.4944444444444445,-13,-3.2092983060308806,-5.720089509686521,-8.929387815717401
Luke Fischer,11,0.18181818181818182,98,187,8.909090909090908,-69,-5.294679066836742,-3.698513929521362,-8.993192996358104
Ramon Sessions,2,0,40.25,69,20.125,-16,-7.670438741879159,-1.4281959078362871,-9.098634649715446
Marko Keselj,6,0.16666666666666666,36.11666666666667,71,6.019444444444445,-26,-8.339933914690222,-0.7772493827962732,-9.117183297486495
Raymar Morgan,1,0,21.666666666666668,38,21.666666666666668,-14,3.2417815760177286,-12.395710797455504,-9.153929221437775
Tyson Carter,4,0.25,36.15,59,9.0375,-19,-2.130366545499652,-7.311673307328111,-9.442039852827763
Marco Cusin,6,0,25.883333333333333,49,4.313888888888889,-24,-5.488316321296979,-4.135032632980721,-9.6233489542777
Zaccharie Risacher,3,0,28.233333333333334,52,9.411111111111111,-21,-6.289712363941499,-3.5587087602189573,-9.848421124160456
Vladislav Sharapov,10,0,77.35,141,7.734999999999999,-55,-2.328469514969499,-7.54159303650172,-9.870062551471218
Sergei Balashov,3,0,10.266666666666667,21,3.4222222222222225,-12,-7.466958670450903,-2.877119304656723,-10.344077975107625
Baris Hersek,1,1,2.216666666666667,5,2.216666666666667,-2,6.192906987320478,-16.610762143405974,-10.417855156085498
Andrei Lopatin,6,1,13.25,25,2.2083333333333335,-8,-9.357200244454017,-1.1208300375251499,-10.478030281979166
Andrew Jay Rautins,1,1,6.85,13,6.85,-3,5.486052549005291,-15.98331538558674,-10.497262836581449
Ekrem Sancakli,1,0,5.9,13,5.9,-7,-5.15805482227935,-6.27780457904433,-11.43585940132368
Dmitry Sokolov,2,1,6.466666666666667,11,3.2333333333333334,-7,-15.746413789619133,3.1420247558758416,-12.604389033743292
Jovan Kljajic,1,0,2.7333333333333334,5,2.7333333333333334,-3,24.506799176340085,-37.98350323288745,-13.476704056547366
Omercan Ilyasoglu,1,0,3.15,5,3.15,-3,-29.840451523655382,16.040478262085134,-13.799973261570248
Lorenz Brenneke,3,0.3333333333333333,10.183333333333334,17,3.3944444444444444,-15,-7.708699689369506,-9.879984382885302,-17.588684072254807
Davide Moretti,3,0.6666666666666666,5.683333333333334,9,1.8944444444444446,-5,-7.224608593826562,-11.368500518229558,-18.59310911205612
Bogdan Radosavljevic,2,0.5,5.716666666666667,12,2.8583333333333334,-6,-5.789577270868288,-15.98479217853847,-21.77436944940676
Yonatan Atias,2,1,5.233333333333333,9,2.6166666666666667,-8,-20.04060818780046,-3.2093411366700457,-23.249949324470503
Vladimir Ivlev,4,0.5,7.35,14,1.8375,-11,-16.48286471240883,-7.4338207024459155,-23.916685414854747
Alexander Gankevich,1,0,1.3666666666666667,1,1.3666666666666667,-3,-30.6727382555505,2.903251176458838,-27.76948707909166
Gael Bonilla,2,0.5,9.883333333333333,16,4.941666666666666,-10,-13.279506696407463,-15.190018323084823,-28.469525019492288
Artem Klimenko,8,0.625,24.316666666666666,38,3.0395833333333333,-47,-13.473465469955817,-16.599095277317247,-30.072560747273066
Kerr Kriisa,1,1,2.1166666666666667,6,2.1166666666666667,-5,-12.43111487086643,-18.361281770046745,-30.792396640913175
Carlos Delfino,2,0,10,16,5,-21,-15.44222941306945,-17.806504993842463,-33.248734406911915
Mantas Rubstavicius,1,1,2.15,6,2.15,-7,-14.53155064267718,-20.728629379102554,-35.26018002177973
Ibou Badji,3,0.6666666666666666,5.683333333333334,13,1.8944444444444446,-16,-20.202404201147495,-18.465600211908544,-38.66800441305604
Nemanja Nenadic,1,0,2.816666666666667,6,2.816666666666667,-7,-23.346623262341165,-25.01514802538069,-48.36177128772185
