season_id,edition_id,game_id,website_id,date,type,phase,round,status,home_team_id,away_team_id,home_score,away_score,number_of_overtimes
17-18,17-18 EL,2017-10-12:CSKA Moscow-AX Armani Exchange Olimpia Milan,E2017:3,2017-10-12 19:00:00,RS,RS,1,played,CSKA Moscow,AX Armani Exchange Olimpia Milan,93,84,0
17-18,17-18 EL,2017-10-12:Anadolu Efes Istanbul-Real Madrid,E2017:1,2017-10-12 19:00:00,RS,RS,1,played,Anadolu Efes Istanbul,Real Madrid,74,88,0
17-18,17-18 EL,2017-10-12:Olympiacos Piraeus-KIROLBET Baskonia Vitoria Gasteiz,E2017:4,2017-10-12 20:00:00,RS,RS,1,played,Olympiacos Piraeus,KIROLBET Baskonia Vitoria Gasteiz,75,64,0
17-18,17-18 EL,2017-10-12:Brose Bamberg-Maccabi FOX Tel Aviv,E2017:2,2017-10-12 20:00:00,RS,RS,1,played,Brose Bamberg,Maccabi FOX Tel Aviv,71,88,0
17-18,17-18 EL,2017-10-12:Unicaja Malaga-Fenerbahce Dogus Istanbul,E2017:5,2017-10-12 21:00:00,RS,RS,1,played,Unicaja Malaga,Fenerbahce Dogus Istanbul,68,67,0
17-18,17-18 EL,2017-10-13:Khimki Moscow Region-Valencia Basket,E2017:7,2017-10-13 19:00:00,RS,RS,1,played,Khimki Moscow Region,Valencia Basket,75,70,0
17-18,17-18 EL,2017-10-13:Zalgiris Kaunas-Crvena Zvezda mts Belgrade,E2017:8,2017-10-13 19:00:00,RS,RS,1,played,Zalgiris Kaunas,Crvena Zvezda mts Belgrade,78,76,0
17-18,17-18 EL,2017-10-13:FC Barcelona Lassa-Panathinaikos Superfoods Athens,E2017:6,2017-10-13 21:00:00,RS,RS,1,played,FC Barcelona Lassa,Panathinaikos Superfoods Athens,98,71,0
17-18,17-18 EL,2017-10-19:Maccabi FOX Tel Aviv-KIROLBET Baskonia Vitoria Gasteiz,E2017:11,2017-10-19 20:05:00,RS,RS,2,played,Maccabi FOX Tel Aviv,KIROLBET Baskonia Vitoria Gasteiz,74,68,0
17-18,17-18 EL,2017-10-19:Panathinaikos Superfoods Athens-Brose Bamberg,E2017:12,2017-10-19 20:15:00,RS,RS,2,played,Panathinaikos Superfoods Athens,Brose Bamberg,93,83,0
17-18,17-18 EL,2017-10-19:AX Armani Exchange Olimpia Milan-Fenerbahce Dogus Istanbul,E2017:10,2017-10-19 20:45:00,RS,RS,2,played,AX Armani Exchange Olimpia Milan,Fenerbahce Dogus Istanbul,86,92,1
17-18,17-18 EL,2017-10-19:Real Madrid-CSKA Moscow,E2017:13,2017-10-19 21:00:00,RS,RS,2,played,Real Madrid,CSKA Moscow,82,69,0
17-18,17-18 EL,2017-10-20:Crvena Zvezda mts Belgrade-FC Barcelona Lassa,E2017:9,2017-10-20 19:00:00,RS,RS,2,played,Crvena Zvezda mts Belgrade,FC Barcelona Lassa,90,82,0
17-18,17-18 EL,2017-10-20:Khimki Moscow Region-Zalgiris Kaunas,E2017:14,2017-10-20 19:00:00,RS,RS,2,played,Khimki Moscow Region,Zalgiris Kaunas,85,77,0
17-18,17-18 EL,2017-10-20:Olympiacos Piraeus-Unicaja Malaga,E2017:15,2017-10-20 20:00:00,RS,RS,2,played,Olympiacos Piraeus,Unicaja Malaga,80,75,0
17-18,17-18 EL,2017-10-20:Valencia Basket-Anadolu Efes Istanbul,E2017:16,2017-10-20 21:00:00,RS,RS,2,played,Valencia Basket,Anadolu Efes Istanbul,78,71,0
17-18,17-18 EL,2017-10-24:Khimki Moscow Region-Crvena Zvezda mts Belgrade,E2017:18,2017-10-24 19:00:00,RS,RS,3,played,Khimki Moscow Region,Crvena Zvezda mts Belgrade,85,78,0
17-18,17-18 EL,2017-10-24:Maccabi FOX Tel Aviv-Olympiacos Piraeus,E2017:19,2017-10-24 20:05:00,RS,RS,3,played,Maccabi FOX Tel Aviv,Olympiacos Piraeus,68,69,0
17-18,17-18 EL,2017-10-24:FC Barcelona Lassa-Zalgiris Kaunas,E2017:17,2017-10-24 21:00:00,RS,RS,3,played,FC Barcelona Lassa,Zalgiris Kaunas,75,81,0
17-18,17-18 EL,2017-10-24:Real Madrid-AX Armani Exchange Olimpia Milan,E2017:20,2017-10-24 21:00:00,RS,RS,3,played,Real Madrid,AX Armani Exchange Olimpia Milan,100,90,0
17-18,17-18 EL,2017-10-25:CSKA Moscow-Panathinaikos Superfoods Athens,E2017:22,2017-10-25 19:00:00,RS,RS,3,played,CSKA Moscow,Panathinaikos Superfoods Athens,81,63,0
17-18,17-18 EL,2017-10-25:Fenerbahce Dogus Istanbul-Anadolu Efes Istanbul,E2017:23,2017-10-25 19:45:00,RS,RS,3,played,Fenerbahce Dogus Istanbul,Anadolu Efes Istanbul,81,70,0
17-18,17-18 EL,2017-10-25:KIROLBET Baskonia Vitoria Gasteiz-Valencia Basket,E2017:21,2017-10-25 20:30:00,RS,RS,3,played,KIROLBET Baskonia Vitoria Gasteiz,Valencia Basket,63,80,0
17-18,17-18 EL,2017-10-25:Unicaja Malaga-Brose Bamberg,E2017:24,2017-10-25 21:00:00,RS,RS,3,played,Unicaja Malaga,Brose Bamberg,76,80,0
17-18,17-18 EL,2017-10-26:Crvena Zvezda mts Belgrade-Maccabi FOX Tel Aviv,E2017:25,2017-10-26 19:00:00,RS,RS,4,played,Crvena Zvezda mts Belgrade,Maccabi FOX Tel Aviv,87,84,0
17-18,17-18 EL,2017-10-26:Zalgiris Kaunas-Real Madrid,E2017:28,2017-10-26 19:00:00,RS,RS,4,played,Zalgiris Kaunas,Real Madrid,66,87,0
17-18,17-18 EL,2017-10-26:Olympiacos Piraeus-Khimki Moscow Region,E2017:27,2017-10-26 20:15:00,RS,RS,4,played,Olympiacos Piraeus,Khimki Moscow Region,92,75,0
17-18,17-18 EL,2017-10-26:AX Armani Exchange Olimpia Milan-FC Barcelona Lassa,E2017:26,2017-10-26 21:00:00,RS,RS,4,played,AX Armani Exchange Olimpia Milan,FC Barcelona Lassa,78,74,0
17-18,17-18 EL,2017-10-27:Anadolu Efes Istanbul-CSKA Moscow,E2017:29,2017-10-27 18:45:00,RS,RS,4,played,Anadolu Efes Istanbul,CSKA Moscow,80,98,0
17-18,17-18 EL,2017-10-27:Brose Bamberg-KIROLBET Baskonia Vitoria Gasteiz,E2017:30,2017-10-27 20:00:00,RS,RS,4,played,Brose Bamberg,KIROLBET Baskonia Vitoria Gasteiz,78,72,0
17-18,17-18 EL,2017-10-27:Panathinaikos Superfoods Athens-Fenerbahce Dogus Istanbul,E2017:31,2017-10-27 20:30:00,RS,RS,4,played,Panathinaikos Superfoods Athens,Fenerbahce Dogus Istanbul,70,68,0
17-18,17-18 EL,2017-10-27:Valencia Basket-Unicaja Malaga,E2017:32,2017-10-27 21:00:00,RS,RS,4,played,Valencia Basket,Unicaja Malaga,91,53,0
17-18,17-18 EL,2017-11-02:Crvena Zvezda mts Belgrade-Brose Bamberg,E2017:33,2017-11-02 18:00:00,RS,RS,5,played,Crvena Zvezda mts Belgrade,Brose Bamberg,69,75,0
17-18,17-18 EL,2017-11-02:Fenerbahce Dogus Istanbul-Valencia Basket,E2017:35,2017-11-02 18:45:00,RS,RS,5,played,Fenerbahce Dogus Istanbul,Valencia Basket,79,66,0
17-18,17-18 EL,2017-11-02:KIROLBET Baskonia Vitoria Gasteiz-Panathinaikos Superfoods Athens,E2017:39,2017-11-02 20:00:00,RS,RS,5,played,KIROLBET Baskonia Vitoria Gasteiz,Panathinaikos Superfoods Athens,85,84,0
17-18,17-18 EL,2017-11-02:Maccabi FOX Tel Aviv-AX Armani Exchange Olimpia Milan,E2017:36,2017-11-02 20:05:00,RS,RS,5,played,Maccabi FOX Tel Aviv,AX Armani Exchange Olimpia Milan,79,68,0
17-18,17-18 EL,2017-11-02:Real Madrid-Khimki Moscow Region,E2017:37,2017-11-02 21:00:00,RS,RS,5,played,Real Madrid,Khimki Moscow Region,80,86,0
17-18,17-18 EL,2017-11-03:CSKA Moscow-Zalgiris Kaunas,E2017:34,2017-11-03 18:00:00,RS,RS,5,played,CSKA Moscow,Zalgiris Kaunas,94,91,0
17-18,17-18 EL,2017-11-03:Anadolu Efes Istanbul-Unicaja Malaga,E2017:38,2017-11-03 18:30:00,RS,RS,5,played,Anadolu Efes Istanbul,Unicaja Malaga,74,79,0
17-18,17-18 EL,2017-11-03:FC Barcelona Lassa-Olympiacos Piraeus,E2017:40,2017-11-03 21:00:00,RS,RS,5,played,FC Barcelona Lassa,Olympiacos Piraeus,73,51,0
17-18,17-18 EL,2017-11-09:CSKA Moscow-Valencia Basket,E2017:41,2017-11-09 18:00:00,RS,RS,6,played,CSKA Moscow,Valencia Basket,94,67,0
17-18,17-18 EL,2017-11-09:Maccabi FOX Tel Aviv-Real Madrid,E2017:44,2017-11-09 20:05:00,RS,RS,6,played,Maccabi FOX Tel Aviv,Real Madrid,90,83,0
17-18,17-18 EL,2017-11-09:AX Armani Exchange Olimpia Milan-Zalgiris Kaunas,E2017:42,2017-11-09 20:45:00,RS,RS,6,played,AX Armani Exchange Olimpia Milan,Zalgiris Kaunas,62,94,0
17-18,17-18 EL,2017-11-09:FC Barcelona Lassa-Anadolu Efes Istanbul,E2017:43,2017-11-09 21:00:00,RS,RS,6,played,FC Barcelona Lassa,Anadolu Efes Istanbul,85,89,0
17-18,17-18 EL,2017-11-10:Khimki Moscow Region-KIROLBET Baskonia Vitoria Gasteiz,E2017:46,2017-11-10 18:00:00,RS,RS,6,played,Khimki Moscow Region,KIROLBET Baskonia Vitoria Gasteiz,91,90,0
17-18,17-18 EL,2017-11-10:Olympiacos Piraeus-Panathinaikos Superfoods Athens,E2017:47,2017-11-10 20:00:00,RS,RS,6,played,Olympiacos Piraeus,Panathinaikos Superfoods Athens,62,70,0
17-18,17-18 EL,2017-11-10:Brose Bamberg-Fenerbahce Dogus Istanbul,E2017:45,2017-11-10 20:00:00,RS,RS,6,played,Brose Bamberg,Fenerbahce Dogus Istanbul,57,80,0
17-18,17-18 EL,2017-11-10:Unicaja Malaga-Crvena Zvezda mts Belgrade,E2017:48,2017-11-10 20:45:00,RS,RS,6,played,Unicaja Malaga,Crvena Zvezda mts Belgrade,79,65,0
17-18,17-18 EL,2017-11-14:Maccabi FOX Tel Aviv-Anadolu Efes Istanbul,E2017:50,2017-11-14 20:05:00,RS,RS,7,played,Maccabi FOX Tel Aviv,Anadolu Efes Istanbul,72,92,0
17-18,17-18 EL,2017-11-14:Panathinaikos Superfoods Athens-Khimki Moscow Region,E2017:51,2017-11-14 20:15:00,RS,RS,7,played,Panathinaikos Superfoods Athens,Khimki Moscow Region,93,65,0
17-18,17-18 EL,2017-11-14:KIROLBET Baskonia Vitoria Gasteiz-Real Madrid,E2017:49,2017-11-14 20:30:00,RS,RS,7,played,KIROLBET Baskonia Vitoria Gasteiz,Real Madrid,105,75,0
17-18,17-18 EL,2017-11-14:Unicaja Malaga-Zalgiris Kaunas,E2017:52,2017-11-14 20:45:00,RS,RS,7,played,Unicaja Malaga,Zalgiris Kaunas,83,85,1
17-18,17-18 EL,2017-11-15:Fenerbahce Dogus Istanbul-Olympiacos Piraeus,E2017:55,2017-11-15 18:45:00,RS,RS,7,played,Fenerbahce Dogus Istanbul,Olympiacos Piraeus,83,90,1
17-18,17-18 EL,2017-11-15:Crvena Zvezda mts Belgrade-CSKA Moscow,E2017:54,2017-11-15 19:00:00,RS,RS,7,played,Crvena Zvezda mts Belgrade,CSKA Moscow,59,85,0
17-18,17-18 EL,2017-11-15:Brose Bamberg-FC Barcelona Lassa,E2017:53,2017-11-15 20:00:00,RS,RS,7,played,Brose Bamberg,FC Barcelona Lassa,84,81,0
17-18,17-18 EL,2017-11-15:Valencia Basket-AX Armani Exchange Olimpia Milan,E2017:56,2017-11-15 20:45:00,RS,RS,7,played,Valencia Basket,AX Armani Exchange Olimpia Milan,98,103,2
17-18,17-18 EL,2017-11-16:Khimki Moscow Region-Maccabi FOX Tel Aviv,E2017:58,2017-11-16 18:00:00,RS,RS,8,played,Khimki Moscow Region,Maccabi FOX Tel Aviv,69,77,0
17-18,17-18 EL,2017-11-16:Anadolu Efes Istanbul-Panathinaikos Superfoods Athens,E2017:57,2017-11-16 18:30:00,RS,RS,8,played,Anadolu Efes Istanbul,Panathinaikos Superfoods Athens,81,82,0
17-18,17-18 EL,2017-11-16:Zalgiris Kaunas-KIROLBET Baskonia Vitoria Gasteiz,E2017:60,2017-11-16 19:00:00,RS,RS,8,played,Zalgiris Kaunas,KIROLBET Baskonia Vitoria Gasteiz,77,97,0
17-18,17-18 EL,2017-11-16:Real Madrid-Unicaja Malaga,E2017:59,2017-11-16 21:00:00,RS,RS,8,played,Real Madrid,Unicaja Malaga,89,57,0
17-18,17-18 EL,2017-11-17:CSKA Moscow-Fenerbahce Dogus Istanbul,E2017:61,2017-11-17 18:00:00,RS,RS,8,played,CSKA Moscow,Fenerbahce Dogus Istanbul,93,95,1
17-18,17-18 EL,2017-11-17:Olympiacos Piraeus-Crvena Zvezda mts Belgrade,E2017:64,2017-11-17 20:00:00,RS,RS,8,played,Olympiacos Piraeus,Crvena Zvezda mts Belgrade,85,59,0
17-18,17-18 EL,2017-11-17:AX Armani Exchange Olimpia Milan-Brose Bamberg,E2017:62,2017-11-17 20:45:00,RS,RS,8,played,AX Armani Exchange Olimpia Milan,Brose Bamberg,71,62,0
17-18,17-18 EL,2017-11-17:FC Barcelona Lassa-Valencia Basket,E2017:63,2017-11-17 21:00:00,RS,RS,8,played,FC Barcelona Lassa,Valencia Basket,89,71,0
17-18,17-18 EL,2017-11-23:Zalgiris Kaunas-Anadolu Efes Istanbul,E2017:68,2017-11-23 19:00:00,RS,RS,9,played,Zalgiris Kaunas,Anadolu Efes Istanbul,91,83,0
17-18,17-18 EL,2017-11-23:Brose Bamberg-Valencia Basket,E2017:65,2017-11-23 20:00:00,RS,RS,9,played,Brose Bamberg,Valencia Basket,83,82,0
17-18,17-18 EL,2017-11-23:AX Armani Exchange Olimpia Milan-Olympiacos Piraeus,E2017:69,2017-11-23 20:45:00,RS,RS,9,played,AX Armani Exchange Olimpia Milan,Olympiacos Piraeus,85,86,0
17-18,17-18 EL,2017-11-23:FC Barcelona Lassa-Maccabi FOX Tel Aviv,E2017:67,2017-11-23 21:00:00,RS,RS,9,played,FC Barcelona Lassa,Maccabi FOX Tel Aviv,89,67,0
17-18,17-18 EL,2017-11-23:Crvena Zvezda mts Belgrade-KIROLBET Baskonia Vitoria Gasteiz,E2017:66,2017-11-23 21:00:00,RS,RS,9,played,Crvena Zvezda mts Belgrade,KIROLBET Baskonia Vitoria Gasteiz,81,85,0
17-18,17-18 EL,2017-11-24:Fenerbahce Dogus Istanbul-Khimki Moscow Region,E2017:71,2017-11-24 18:45:00,RS,RS,9,played,Fenerbahce Dogus Istanbul,Khimki Moscow Region,71,67,0
17-18,17-18 EL,2017-11-24:Panathinaikos Superfoods Athens-Real Madrid,E2017:70,2017-11-24 20:00:00,RS,RS,9,played,Panathinaikos Superfoods Athens,Real Madrid,82,80,0
17-18,17-18 EL,2017-11-24:Unicaja Malaga-CSKA Moscow,E2017:72,2017-11-24 20:45:00,RS,RS,9,played,Unicaja Malaga,CSKA Moscow,80,89,0
17-18,17-18 EL,2017-11-30:Khimki Moscow Region-Brose Bamberg,E2017:75,2017-11-30 18:00:00,RS,RS,10,played,Khimki Moscow Region,Brose Bamberg,82,73,0
17-18,17-18 EL,2017-11-30:Anadolu Efes Istanbul-AX Armani Exchange Olimpia Milan,E2017:73,2017-11-30 18:30:00,RS,RS,10,played,Anadolu Efes Istanbul,AX Armani Exchange Olimpia Milan,73,68,0
17-18,17-18 EL,2017-11-30:Maccabi FOX Tel Aviv-Zalgiris Kaunas,E2017:76,2017-11-30 20:05:00,RS,RS,10,played,Maccabi FOX Tel Aviv,Zalgiris Kaunas,81,74,0
17-18,17-18 EL,2017-11-30:Valencia Basket-Olympiacos Piraeus,E2017:77,2017-11-30 20:30:00,RS,RS,10,played,Valencia Basket,Olympiacos Piraeus,64,72,0
17-18,17-18 EL,2017-11-30:KIROLBET Baskonia Vitoria Gasteiz-Fenerbahce Dogus Istanbul,E2017:74,2017-11-30 20:30:00,RS,RS,10,played,KIROLBET Baskonia Vitoria Gasteiz,Fenerbahce Dogus Istanbul,69,83,0
17-18,17-18 EL,2017-12-01:CSKA Moscow-FC Barcelona Lassa,E2017:78,2017-12-01 18:00:00,RS,RS,10,played,CSKA Moscow,FC Barcelona Lassa,92,78,0
17-18,17-18 EL,2017-12-01:Panathinaikos Superfoods Athens-Unicaja Malaga,E2017:79,2017-12-01 20:00:00,RS,RS,10,played,Panathinaikos Superfoods Athens,Unicaja Malaga,82,71,0
17-18,17-18 EL,2017-12-01:Real Madrid-Crvena Zvezda mts Belgrade,E2017:80,2017-12-01 21:00:00,RS,RS,10,played,Real Madrid,Crvena Zvezda mts Belgrade,83,87,0
17-18,17-18 EL,2017-12-07:Zalgiris Kaunas-Panathinaikos Superfoods Athens,E2017:85,2017-12-07 19:00:00,RS,RS,11,played,Zalgiris Kaunas,Panathinaikos Superfoods Athens,80,74,0
17-18,17-18 EL,2017-12-07:Brose Bamberg-CSKA Moscow,E2017:82,2017-12-07 20:00:00,RS,RS,11,played,Brose Bamberg,CSKA Moscow,76,92,0
17-18,17-18 EL,2017-12-07:Maccabi FOX Tel Aviv-Valencia Basket,E2017:84,2017-12-07 20:05:00,RS,RS,11,played,Maccabi FOX Tel Aviv,Valencia Basket,94,91,0
17-18,17-18 EL,2017-12-07:KIROLBET Baskonia Vitoria Gasteiz-Unicaja Malaga,E2017:81,2017-12-07 20:30:00,RS,RS,11,played,KIROLBET Baskonia Vitoria Gasteiz,Unicaja Malaga,88,82,0
17-18,17-18 EL,2017-12-07:AX Armani Exchange Olimpia Milan-Khimki Moscow Region,E2017:83,2017-12-07 20:45:00,RS,RS,11,played,AX Armani Exchange Olimpia Milan,Khimki Moscow Region,71,77,0
17-18,17-18 EL,2017-12-08:Crvena Zvezda mts Belgrade-Anadolu Efes Istanbul,E2017:86,2017-12-08 19:00:00,RS,RS,11,played,Crvena Zvezda mts Belgrade,Anadolu Efes Istanbul,100,81,0
17-18,17-18 EL,2017-12-08:Olympiacos Piraeus-Real Madrid,E2017:88,2017-12-08 20:00:00,RS,RS,11,played,Olympiacos Piraeus,Real Madrid,92,83,1
17-18,17-18 EL,2017-12-08:FC Barcelona Lassa-Fenerbahce Dogus Istanbul,E2017:87,2017-12-08 21:00:00,RS,RS,11,played,FC Barcelona Lassa,Fenerbahce Dogus Istanbul,68,83,0
17-18,17-18 EL,2017-12-14:Fenerbahce Dogus Istanbul-Zalgiris Kaunas,E2017:90,2017-12-14 18:45:00,RS,RS,12,played,Fenerbahce Dogus Istanbul,Zalgiris Kaunas,89,90,0
17-18,17-18 EL,2017-12-14:Brose Bamberg-Olympiacos Piraeus,E2017:89,2017-12-14 20:00:00,RS,RS,12,played,Brose Bamberg,Olympiacos Piraeus,67,65,0
17-18,17-18 EL,2017-12-14:Unicaja Malaga-Khimki Moscow Region,E2017:92,2017-12-14 20:00:00,RS,RS,12,played,Unicaja Malaga,Khimki Moscow Region,93,84,0
17-18,17-18 EL,2017-12-14:Real Madrid-FC Barcelona Lassa,E2017:91,2017-12-14 20:45:00,RS,RS,12,played,Real Madrid,FC Barcelona Lassa,87,75,0
17-18,17-18 EL,2017-12-15:CSKA Moscow-Maccabi FOX Tel Aviv,E2017:94,2017-12-15 18:30:00,RS,RS,12,played,CSKA Moscow,Maccabi FOX Tel Aviv,101,86,0
17-18,17-18 EL,2017-12-15:Anadolu Efes Istanbul-KIROLBET Baskonia Vitoria Gasteiz,E2017:93,2017-12-15 18:30:00,RS,RS,12,played,Anadolu Efes Istanbul,KIROLBET Baskonia Vitoria Gasteiz,81,82,0
17-18,17-18 EL,2017-12-15:Panathinaikos Superfoods Athens-AX Armani Exchange Olimpia Milan,E2017:95,2017-12-15 20:15:00,RS,RS,12,played,Panathinaikos Superfoods Athens,AX Armani Exchange Olimpia Milan,80,72,0
17-18,17-18 EL,2017-12-15:Valencia Basket-Crvena Zvezda mts Belgrade,E2017:96,2017-12-15 20:30:00,RS,RS,12,played,Valencia Basket,Crvena Zvezda mts Belgrade,82,86,0
17-18,17-18 EL,2017-12-19:Fenerbahce Dogus Istanbul-Crvena Zvezda mts Belgrade,E2017:97,2017-12-19 18:45:00,RS,RS,13,played,Fenerbahce Dogus Istanbul,Crvena Zvezda mts Belgrade,82,56,0
17-18,17-18 EL,2017-12-19:Zalgiris Kaunas-Brose Bamberg,E2017:100,2017-12-19 19:00:00,RS,RS,13,played,Zalgiris Kaunas,Brose Bamberg,88,84,0
17-18,17-18 EL,2017-12-19:Panathinaikos Superfoods Athens-Maccabi FOX Tel Aviv,E2017:98,2017-12-19 20:15:00,RS,RS,13,played,Panathinaikos Superfoods Athens,Maccabi FOX Tel Aviv,89,76,0
17-18,17-18 EL,2017-12-19:Real Madrid-Valencia Basket,E2017:99,2017-12-19 20:45:00,RS,RS,13,played,Real Madrid,Valencia Basket,91,72,0
17-18,17-18 EL,2017-12-20:Khimki Moscow Region-Anadolu Efes Istanbul,E2017:103,2017-12-20 18:00:00,RS,RS,13,played,Khimki Moscow Region,Anadolu Efes Istanbul,86,68,0
17-18,17-18 EL,2017-12-20:Olympiacos Piraeus-CSKA Moscow,E2017:104,2017-12-20 20:00:00,RS,RS,13,played,Olympiacos Piraeus,CSKA Moscow,88,86,0
17-18,17-18 EL,2017-12-20:AX Armani Exchange Olimpia Milan-KIROLBET Baskonia Vitoria Gasteiz,E2017:101,2017-12-20 20:45:00,RS,RS,13,played,AX Armani Exchange Olimpia Milan,KIROLBET Baskonia Vitoria Gasteiz,92,85,0
17-18,17-18 EL,2017-12-20:FC Barcelona Lassa-Unicaja Malaga,E2017:102,2017-12-20 21:00:00,RS,RS,13,played,FC Barcelona Lassa,Unicaja Malaga,83,90,0
17-18,17-18 EL,2017-12-21:Crvena Zvezda mts Belgrade-Panathinaikos Superfoods Athens,E2017:106,2017-12-21 19:00:00,RS,RS,14,played,Crvena Zvezda mts Belgrade,Panathinaikos Superfoods Athens,63,69,0
17-18,17-18 EL,2017-12-21:Brose Bamberg-Real Madrid,E2017:105,2017-12-21 20:00:00,RS,RS,14,played,Brose Bamberg,Real Madrid,66,81,0
17-18,17-18 EL,2017-12-21:Maccabi FOX Tel Aviv-Fenerbahce Dogus Istanbul,E2017:107,2017-12-21 20:05:00,RS,RS,14,played,Maccabi FOX Tel Aviv,Fenerbahce Dogus Istanbul,82,73,0
17-18,17-18 EL,2017-12-21:Valencia Basket-Zalgiris Kaunas,E2017:108,2017-12-21 20:45:00,RS,RS,14,played,Valencia Basket,Zalgiris Kaunas,63,71,0
17-18,17-18 EL,2017-12-22:CSKA Moscow-Khimki Moscow Region,E2017:111,2017-12-22 18:00:00,RS,RS,14,played,CSKA Moscow,Khimki Moscow Region,79,68,0
17-18,17-18 EL,2017-12-22:Anadolu Efes Istanbul-Olympiacos Piraeus,E2017:109,2017-12-22 18:30:00,RS,RS,14,played,Anadolu Efes Istanbul,Olympiacos Piraeus,58,61,0
17-18,17-18 EL,2017-12-22:KIROLBET Baskonia Vitoria Gasteiz-FC Barcelona Lassa,E2017:110,2017-12-22 20:30:00,RS,RS,14,played,KIROLBET Baskonia Vitoria Gasteiz,FC Barcelona Lassa,85,82,0
17-18,17-18 EL,2017-12-22:Unicaja Malaga-AX Armani Exchange Olimpia Milan,E2017:112,2017-12-22 20:45:00,RS,RS,14,played,Unicaja Malaga,AX Armani Exchange Olimpia Milan,74,71,0
17-18,17-18 EL,2017-12-28:Fenerbahce Dogus Istanbul-Real Madrid,E2017:113,2017-12-28 18:45:00,RS,RS,15,played,Fenerbahce Dogus Istanbul,Real Madrid,77,79,0
17-18,17-18 EL,2017-12-28:Zalgiris Kaunas-Olympiacos Piraeus,E2017:116,2017-12-28 19:00:00,RS,RS,15,played,Zalgiris Kaunas,Olympiacos Piraeus,74,68,0
17-18,17-18 EL,2017-12-28:Maccabi FOX Tel Aviv-Unicaja Malaga,E2017:114,2017-12-28 20:05:00,RS,RS,15,played,Maccabi FOX Tel Aviv,Unicaja Malaga,78,89,0
17-18,17-18 EL,2017-12-28:Valencia Basket-Panathinaikos Superfoods Athens,E2017:115,2017-12-28 21:00:00,RS,RS,15,played,Valencia Basket,Panathinaikos Superfoods Athens,67,63,0
17-18,17-18 EL,2017-12-29:Khimki Moscow Region-FC Barcelona Lassa,E2017:120,2017-12-29 18:00:00,RS,RS,15,played,Khimki Moscow Region,FC Barcelona Lassa,65,79,0
17-18,17-18 EL,2017-12-29:Anadolu Efes Istanbul-Brose Bamberg,E2017:117,2017-12-29 18:30:00,RS,RS,15,played,Anadolu Efes Istanbul,Brose Bamberg,69,58,0
17-18,17-18 EL,2017-12-29:KIROLBET Baskonia Vitoria Gasteiz-CSKA Moscow,E2017:118,2017-12-29 20:30:00,RS,RS,15,played,KIROLBET Baskonia Vitoria Gasteiz,CSKA Moscow,81,90,0
17-18,17-18 EL,2017-12-29:AX Armani Exchange Olimpia Milan-Crvena Zvezda mts Belgrade,E2017:119,2017-12-29 20:45:00,RS,RS,15,played,AX Armani Exchange Olimpia Milan,Crvena Zvezda mts Belgrade,88,91,0
17-18,17-18 EL,2018-01-04:Panathinaikos Superfoods Athens-Anadolu Efes Istanbul,E2017:121,2018-01-04 20:15:00,RS,RS,16,played,Panathinaikos Superfoods Athens,Anadolu Efes Istanbul,90,79,0
17-18,17-18 EL,2018-01-04:Unicaja Malaga-Valencia Basket,E2017:122,2018-01-04 20:45:00,RS,RS,16,played,Unicaja Malaga,Valencia Basket,83,85,0
17-18,17-18 EL,2018-01-04:FC Barcelona Lassa-CSKA Moscow,E2017:123,2018-01-04 21:00:00,RS,RS,16,played,FC Barcelona Lassa,CSKA Moscow,85,72,0
17-18,17-18 EL,2018-01-05:Fenerbahce Dogus Istanbul-KIROLBET Baskonia Vitoria Gasteiz,E2017:126,2018-01-05 18:45:00,RS,RS,16,played,Fenerbahce Dogus Istanbul,KIROLBET Baskonia Vitoria Gasteiz,79,74,0
17-18,17-18 EL,2018-01-05:Crvena Zvezda mts Belgrade-Zalgiris Kaunas,E2017:125,2018-01-05 19:00:00,RS,RS,16,played,Crvena Zvezda mts Belgrade,Zalgiris Kaunas,77,65,0
17-18,17-18 EL,2018-01-05:Brose Bamberg-Khimki Moscow Region,E2017:124,2018-01-05 20:00:00,RS,RS,16,played,Brose Bamberg,Khimki Moscow Region,70,74,0
17-18,17-18 EL,2018-01-05:Olympiacos Piraeus-AX Armani Exchange Olimpia Milan,E2017:127,2018-01-05 20:00:00,RS,RS,16,played,Olympiacos Piraeus,AX Armani Exchange Olimpia Milan,87,80,0
17-18,17-18 EL,2018-01-05:Real Madrid-Maccabi FOX Tel Aviv,E2017:128,2018-01-05 20:45:00,RS,RS,16,played,Real Madrid,Maccabi FOX Tel Aviv,93,81,0
17-18,17-18 EL,2018-01-11:Panathinaikos Superfoods Athens-FC Barcelona Lassa,E2017:132,2018-01-11 20:00:00,RS,RS,17,played,Panathinaikos Superfoods Athens,FC Barcelona Lassa,84,75,0
17-18,17-18 EL,2018-01-11:Maccabi FOX Tel Aviv-Brose Bamberg,E2017:131,2018-01-11 20:05:00,RS,RS,17,played,Maccabi FOX Tel Aviv,Brose Bamberg,90,88,0
17-18,17-18 EL,2018-01-11:Valencia Basket-Fenerbahce Dogus Istanbul,E2017:133,2018-01-11 20:45:00,RS,RS,17,played,Valencia Basket,Fenerbahce Dogus Istanbul,67,80,0
17-18,17-18 EL,2018-01-11:AX Armani Exchange Olimpia Milan-CSKA Moscow,E2017:130,2018-01-11 20:45:00,RS,RS,17,played,AX Armani Exchange Olimpia Milan,CSKA Moscow,81,107,0
17-18,17-18 EL,2018-01-12:Khimki Moscow Region-Real Madrid,E2017:134,2018-01-12 18:00:00,RS,RS,17,played,Khimki Moscow Region,Real Madrid,78,95,0
17-18,17-18 EL,2018-01-12:Anadolu Efes Istanbul-Crvena Zvezda mts Belgrade,E2017:129,2018-01-12 18:30:00,RS,RS,17,played,Anadolu Efes Istanbul,Crvena Zvezda mts Belgrade,104,95,0
17-18,17-18 EL,2018-01-12:Zalgiris Kaunas-Unicaja Malaga,E2017:136,2018-01-12 19:00:00,RS,RS,17,played,Zalgiris Kaunas,Unicaja Malaga,79,77,0
17-18,17-18 EL,2018-01-12:KIROLBET Baskonia Vitoria Gasteiz-Olympiacos Piraeus,E2017:135,2018-01-12 20:30:00,RS,RS,17,played,KIROLBET Baskonia Vitoria Gasteiz,Olympiacos Piraeus,86,54,0
17-18,17-18 EL,2018-01-16:Crvena Zvezda mts Belgrade-Khimki Moscow Region,E2017:138,2018-01-16 19:00:00,RS,RS,18,played,Crvena Zvezda mts Belgrade,Khimki Moscow Region,70,79,0
17-18,17-18 EL,2018-01-16:Olympiacos Piraeus-Maccabi FOX Tel Aviv,E2017:139,2018-01-16 20:00:00,RS,RS,18,played,Olympiacos Piraeus,Maccabi FOX Tel Aviv,94,64,0
17-18,17-18 EL,2018-01-16:Brose Bamberg-Zalgiris Kaunas,E2017:137,2018-01-16 20:00:00,RS,RS,18,played,Brose Bamberg,Zalgiris Kaunas,93,86,0
17-18,17-18 EL,2018-01-16:Valencia Basket-FC Barcelona Lassa,E2017:140,2018-01-16 20:30:00,RS,RS,18,played,Valencia Basket,FC Barcelona Lassa,81,76,0
17-18,17-18 EL,2018-01-17:CSKA Moscow-Anadolu Efes Istanbul,E2017:141,2018-01-17 18:00:00,RS,RS,18,played,CSKA Moscow,Anadolu Efes Istanbul,110,79,0
17-18,17-18 EL,2018-01-17:Fenerbahce Dogus Istanbul-Panathinaikos Superfoods Athens,E2017:143,2018-01-17 18:45:00,RS,RS,18,played,Fenerbahce Dogus Istanbul,Panathinaikos Superfoods Athens,67,62,0
17-18,17-18 EL,2018-01-17:Real Madrid-KIROLBET Baskonia Vitoria Gasteiz,E2017:144,2018-01-17 20:45:00,RS,RS,18,played,Real Madrid,KIROLBET Baskonia Vitoria Gasteiz,75,73,0
17-18,17-18 EL,2018-01-17:AX Armani Exchange Olimpia Milan-Unicaja Malaga,E2017:142,2018-01-17 20:45:00,RS,RS,18,played,AX Armani Exchange Olimpia Milan,Unicaja Malaga,101,87,0
17-18,17-18 EL,2018-01-18:Khimki Moscow Region-Olympiacos Piraeus,E2017:146,2018-01-18 18:00:00,RS,RS,19,played,Khimki Moscow Region,Olympiacos Piraeus,82,54,0
17-18,17-18 EL,2018-01-18:Zalgiris Kaunas-Valencia Basket,E2017:148,2018-01-18 19:00:00,RS,RS,19,played,Zalgiris Kaunas,Valencia Basket,86,82,0
17-18,17-18 EL,2018-01-18:Maccabi FOX Tel Aviv-Crvena Zvezda mts Belgrade,E2017:147,2018-01-18 20:05:00,RS,RS,19,played,Maccabi FOX Tel Aviv,Crvena Zvezda mts Belgrade,89,75,0
17-18,17-18 EL,2018-01-18:FC Barcelona Lassa-Brose Bamberg,E2017:145,2018-01-18 21:00:00,RS,RS,19,played,FC Barcelona Lassa,Brose Bamberg,81,66,0
17-18,17-18 EL,2018-01-19:Anadolu Efes Istanbul-Fenerbahce Dogus Istanbul,E2017:149,2018-01-19 18:30:00,RS,RS,19,played,Anadolu Efes Istanbul,Fenerbahce Dogus Istanbul,84,89,0
17-18,17-18 EL,2018-01-19:Panathinaikos Superfoods Athens-CSKA Moscow,E2017:151,2018-01-19 20:15:00,RS,RS,19,played,Panathinaikos Superfoods Athens,CSKA Moscow,70,75,0
17-18,17-18 EL,2018-01-19:KIROLBET Baskonia Vitoria Gasteiz-AX Armani Exchange Olimpia Milan,E2017:150,2018-01-19 20:30:00,RS,RS,19,played,KIROLBET Baskonia Vitoria Gasteiz,AX Armani Exchange Olimpia Milan,82,83,0
17-18,17-18 EL,2018-01-19:Unicaja Malaga-Real Madrid,E2017:152,2018-01-19 20:45:00,RS,RS,19,played,Unicaja Malaga,Real Madrid,80,75,0
17-18,17-18 EL,2018-01-25:Panathinaikos Superfoods Athens-Zalgiris Kaunas,E2017:156,2018-01-25 20:15:00,RS,RS,20,played,Panathinaikos Superfoods Athens,Zalgiris Kaunas,94,93,1
17-18,17-18 EL,2018-01-25:Unicaja Malaga-KIROLBET Baskonia Vitoria Gasteiz,E2017:153,2018-01-25 20:45:00,RS,RS,20,played,Unicaja Malaga,KIROLBET Baskonia Vitoria Gasteiz,83,85,0
17-18,17-18 EL,2018-01-25:Real Madrid-Anadolu Efes Istanbul,E2017:155,2018-01-25 20:45:00,RS,RS,20,played,Real Madrid,Anadolu Efes Istanbul,87,68,0
17-18,17-18 EL,2018-01-26:CSKA Moscow-Brose Bamberg,E2017:158,2018-01-26 18:00:00,RS,RS,20,played,CSKA Moscow,Brose Bamberg,81,72,0
17-18,17-18 EL,2018-01-26:Fenerbahce Dogus Istanbul-FC Barcelona Lassa,E2017:160,2018-01-26 18:45:00,RS,RS,20,played,Fenerbahce Dogus Istanbul,FC Barcelona Lassa,86,82,0
17-18,17-18 EL,2018-01-26:Crvena Zvezda mts Belgrade-Olympiacos Piraeus,E2017:157,2018-01-26 19:00:00,RS,RS,20,played,Crvena Zvezda mts Belgrade,Olympiacos Piraeus,89,78,0
17-18,17-18 EL,2018-01-26:Valencia Basket-Khimki Moscow Region,E2017:154,2018-01-26 20:30:00,RS,RS,20,played,Valencia Basket,Khimki Moscow Region,85,83,0
17-18,17-18 EL,2018-01-26:AX Armani Exchange Olimpia Milan-Maccabi FOX Tel Aviv,E2017:159,2018-01-26 20:45:00,RS,RS,20,played,AX Armani Exchange Olimpia Milan,Maccabi FOX Tel Aviv,102,111,0
17-18,17-18 EL,2018-02-01:CSKA Moscow-Real Madrid,E2017:162,2018-02-01 18:00:00,RS,RS,21,played,CSKA Moscow,Real Madrid,93,87,0
17-18,17-18 EL,2018-02-01:Anadolu Efes Istanbul-Valencia Basket,E2017:161,2018-02-01 18:00:00,RS,RS,21,played,Anadolu Efes Istanbul,Valencia Basket,82,66,0
17-18,17-18 EL,2018-02-01:FC Barcelona Lassa-AX Armani Exchange Olimpia Milan,E2017:163,2018-02-01 19:00:00,RS,RS,21,played,FC Barcelona Lassa,AX Armani Exchange Olimpia Milan,81,83,0
17-18,17-18 EL,2018-02-01:Zalgiris Kaunas-Maccabi FOX Tel Aviv,E2017:165,2018-02-01 19:00:00,RS,RS,21,played,Zalgiris Kaunas,Maccabi FOX Tel Aviv,99,84,0
17-18,17-18 EL,2018-02-01:Olympiacos Piraeus-Fenerbahce Dogus Istanbul,E2017:164,2018-02-01 20:00:00,RS,RS,21,played,Olympiacos Piraeus,Fenerbahce Dogus Istanbul,95,70,0
17-18,17-18 EL,2018-02-02:Khimki Moscow Region-Unicaja Malaga,E2017:168,2018-02-02 18:00:00,RS,RS,21,played,Khimki Moscow Region,Unicaja Malaga,68,66,0
17-18,17-18 EL,2018-02-02:Brose Bamberg-Panathinaikos Superfoods Athens,E2017:167,2018-02-02 20:00:00,RS,RS,21,played,Brose Bamberg,Panathinaikos Superfoods Athens,95,74,0
17-18,17-18 EL,2018-02-02:KIROLBET Baskonia Vitoria Gasteiz-Crvena Zvezda mts Belgrade,E2017:166,2018-02-02 20:30:00,RS,RS,21,played,KIROLBET Baskonia Vitoria Gasteiz,Crvena Zvezda mts Belgrade,103,84,0
17-18,17-18 EL,2018-02-08:Maccabi FOX Tel Aviv-FC Barcelona Lassa,E2017:169,2018-02-08 20:05:00,RS,RS,22,played,Maccabi FOX Tel Aviv,FC Barcelona Lassa,94,82,0
17-18,17-18 EL,2018-02-08:Panathinaikos Superfoods Athens-KIROLBET Baskonia Vitoria Gasteiz,E2017:170,2018-02-08 20:15:00,RS,RS,22,played,Panathinaikos Superfoods Athens,KIROLBET Baskonia Vitoria Gasteiz,80,76,0
17-18,17-18 EL,2018-02-08:Valencia Basket-CSKA Moscow,E2017:172,2018-02-08 20:30:00,RS,RS,22,played,Valencia Basket,CSKA Moscow,103,99,0
17-18,17-18 EL,2018-02-08:Unicaja Malaga-Anadolu Efes Istanbul,E2017:171,2018-02-08 20:45:00,RS,RS,22,played,Unicaja Malaga,Anadolu Efes Istanbul,79,68,0
17-18,17-18 EL,2018-02-09:Fenerbahce Dogus Istanbul-Brose Bamberg,E2017:174,2018-02-09 18:45:00,RS,RS,22,played,Fenerbahce Dogus Istanbul,Brose Bamberg,77,69,0
17-18,17-18 EL,2018-02-09:Crvena Zvezda mts Belgrade-AX Armani Exchange Olimpia Milan,E2017:173,2018-02-09 19:00:00,RS,RS,22,played,Crvena Zvezda mts Belgrade,AX Armani Exchange Olimpia Milan,100,89,0
17-18,17-18 EL,2018-02-09:Zalgiris Kaunas-Khimki Moscow Region,E2017:176,2018-02-09 19:00:00,RS,RS,22,played,Zalgiris Kaunas,Khimki Moscow Region,74,84,0
17-18,17-18 EL,2018-02-09:Real Madrid-Olympiacos Piraeus,E2017:175,2018-02-09 20:45:00,RS,RS,22,played,Real Madrid,Olympiacos Piraeus,79,80,0
17-18,17-18 EL,2018-02-22:CSKA Moscow-KIROLBET Baskonia Vitoria Gasteiz,E2017:177,2018-02-22 18:00:00,RS,RS,23,played,CSKA Moscow,KIROLBET Baskonia Vitoria Gasteiz,93,86,0
17-18,17-18 EL,2018-02-22:Fenerbahce Dogus Istanbul-AX Armani Exchange Olimpia Milan,E2017:178,2018-02-22 18:45:00,RS,RS,23,played,Fenerbahce Dogus Istanbul,AX Armani Exchange Olimpia Milan,89,70,0
17-18,17-18 EL,2018-02-22:Olympiacos Piraeus-Valencia Basket,E2017:179,2018-02-22 20:00:00,RS,RS,23,played,Olympiacos Piraeus,Valencia Basket,80,70,0
17-18,17-18 EL,2018-02-22:Unicaja Malaga-Maccabi FOX Tel Aviv,E2017:180,2018-02-22 20:45:00,RS,RS,23,played,Unicaja Malaga,Maccabi FOX Tel Aviv,83,69,0
17-18,17-18 EL,2018-02-23:Khimki Moscow Region-Panathinaikos Superfoods Athens,E2017:184,2018-02-23 18:00:00,RS,RS,23,played,Khimki Moscow Region,Panathinaikos Superfoods Athens,78,61,0
17-18,17-18 EL,2018-02-23:Anadolu Efes Istanbul-Zalgiris Kaunas,E2017:181,2018-02-23 18:30:00,RS,RS,23,played,Anadolu Efes Istanbul,Zalgiris Kaunas,70,86,0
17-18,17-18 EL,2018-02-23:Brose Bamberg-Crvena Zvezda mts Belgrade,E2017:182,2018-02-23 20:45:00,RS,RS,23,played,Brose Bamberg,Crvena Zvezda mts Belgrade,86,62,0
17-18,17-18 EL,2018-02-23:FC Barcelona Lassa-Real Madrid,E2017:183,2018-02-23 21:00:00,RS,RS,23,played,FC Barcelona Lassa,Real Madrid,74,101,0
17-18,17-18 EL,2018-03-01:Zalgiris Kaunas-FC Barcelona Lassa,E2017:188,2018-03-01 19:00:00,RS,RS,24,played,Zalgiris Kaunas,FC Barcelona Lassa,90,74,0
17-18,17-18 EL,2018-03-01:Maccabi FOX Tel Aviv-CSKA Moscow,E2017:187,2018-03-01 20:05:00,RS,RS,24,played,Maccabi FOX Tel Aviv,CSKA Moscow,73,93,0
17-18,17-18 EL,2018-03-01:Valencia Basket-Brose Bamberg,E2017:192,2018-03-01 20:30:00,RS,RS,24,played,Valencia Basket,Brose Bamberg,86,70,0
17-18,17-18 EL,2018-03-01:AX Armani Exchange Olimpia Milan-Anadolu Efes Istanbul,E2017:186,2018-03-01 20:45:00,RS,RS,24,played,AX Armani Exchange Olimpia Milan,Anadolu Efes Istanbul,77,64,0
17-18,17-18 EL,2018-03-01:KIROLBET Baskonia Vitoria Gasteiz-Khimki Moscow Region,E2017:185,2018-03-01 21:00:00,RS,RS,24,played,KIROLBET Baskonia Vitoria Gasteiz,Khimki Moscow Region,87,77,0
17-18,17-18 EL,2018-03-02:Crvena Zvezda mts Belgrade-Unicaja Malaga,E2017:189,2018-03-02 19:00:00,RS,RS,24,played,Crvena Zvezda mts Belgrade,Unicaja Malaga,80,76,0
17-18,17-18 EL,2018-03-02:Panathinaikos Superfoods Athens-Olympiacos Piraeus,E2017:190,2018-03-02 20:15:00,RS,RS,24,played,Panathinaikos Superfoods Athens,Olympiacos Piraeus,85,87,1
17-18,17-18 EL,2018-03-02:Real Madrid-Fenerbahce Dogus Istanbul,E2017:191,2018-03-02 21:00:00,RS,RS,24,played,Real Madrid,Fenerbahce Dogus Istanbul,83,86,0
17-18,17-18 EL,2018-03-08:Khimki Moscow Region-AX Armani Exchange Olimpia Milan,E2017:194,2018-03-08 18:00:00,RS,RS,25,played,Khimki Moscow Region,AX Armani Exchange Olimpia Milan,77,86,0
17-18,17-18 EL,2018-03-08:Anadolu Efes Istanbul-Maccabi FOX Tel Aviv,E2017:193,2018-03-08 18:30:00,RS,RS,25,played,Anadolu Efes Istanbul,Maccabi FOX Tel Aviv,81,94,0
17-18,17-18 EL,2018-03-08:Valencia Basket-KIROLBET Baskonia Vitoria Gasteiz,E2017:196,2018-03-08 20:30:00,RS,RS,25,played,Valencia Basket,KIROLBET Baskonia Vitoria Gasteiz,71,81,0
17-18,17-18 EL,2018-03-08:Real Madrid-Panathinaikos Superfoods Athens,E2017:195,2018-03-08 21:00:00,RS,RS,25,played,Real Madrid,Panathinaikos Superfoods Athens,92,75,0
17-18,17-18 EL,2018-03-09:CSKA Moscow-Unicaja Malaga,E2017:198,2018-03-09 18:00:00,RS,RS,25,played,CSKA Moscow,Unicaja Malaga,101,76,0
17-18,17-18 EL,2018-03-09:Zalgiris Kaunas-Fenerbahce Dogus Istanbul,E2017:200,2018-03-09 19:00:00,RS,RS,25,played,Zalgiris Kaunas,Fenerbahce Dogus Istanbul,78,85,0
17-18,17-18 EL,2018-03-09:Olympiacos Piraeus-Brose Bamberg,E2017:199,2018-03-09 20:00:00,RS,RS,25,played,Olympiacos Piraeus,Brose Bamberg,87,79,0
17-18,17-18 EL,2018-03-09:FC Barcelona Lassa-Crvena Zvezda mts Belgrade,E2017:197,2018-03-09 21:00:00,RS,RS,25,played,FC Barcelona Lassa,Crvena Zvezda mts Belgrade,88,54,0
17-18,17-18 EL,2018-03-13:AX Armani Exchange Olimpia Milan-Real Madrid,E2017:206,2018-03-13 20:45:00,RS,RS,26,played,AX Armani Exchange Olimpia Milan,Real Madrid,77,88,0
17-18,17-18 EL,2018-03-15:Crvena Zvezda mts Belgrade-Valencia Basket,E2017:205,2018-03-15 18:45:00,RS,RS,26,played,Crvena Zvezda mts Belgrade,Valencia Basket,106,90,0
17-18,17-18 EL,2018-03-15:Brose Bamberg-Anadolu Efes Istanbul,E2017:202,2018-03-15 20:00:00,RS,RS,26,played,Brose Bamberg,Anadolu Efes Istanbul,88,79,0
17-18,17-18 EL,2018-03-15:Olympiacos Piraeus-FC Barcelona Lassa,E2017:204,2018-03-15 20:00:00,RS,RS,26,played,Olympiacos Piraeus,FC Barcelona Lassa,63,90,0
17-18,17-18 EL,2018-03-15:Maccabi FOX Tel Aviv-Khimki Moscow Region,E2017:203,2018-03-15 20:05:00,RS,RS,26,played,Maccabi FOX Tel Aviv,Khimki Moscow Region,91,94,0
17-18,17-18 EL,2018-03-15:KIROLBET Baskonia Vitoria Gasteiz-Zalgiris Kaunas,E2017:201,2018-03-15 20:45:00,RS,RS,26,played,KIROLBET Baskonia Vitoria Gasteiz,Zalgiris Kaunas,84,64,0
17-18,17-18 EL,2018-03-16:Fenerbahce Dogus Istanbul-CSKA Moscow,E2017:207,2018-03-16 18:45:00,RS,RS,26,played,Fenerbahce Dogus Istanbul,CSKA Moscow,79,81,0
17-18,17-18 EL,2018-03-16:Unicaja Malaga-Panathinaikos Superfoods Athens,E2017:208,2018-03-16 21:00:00,RS,RS,26,played,Unicaja Malaga,Panathinaikos Superfoods Athens,79,90,0
17-18,17-18 EL,2018-03-20:Fenerbahce Dogus Istanbul-Maccabi FOX Tel Aviv,E2017:209,2018-03-20 18:45:00,RS,RS,27,played,Fenerbahce Dogus Istanbul,Maccabi FOX Tel Aviv,87,73,0
17-18,17-18 EL,2018-03-20:Zalgiris Kaunas-AX Armani Exchange Olimpia Milan,E2017:212,2018-03-20 19:00:00,RS,RS,27,played,Zalgiris Kaunas,AX Armani Exchange Olimpia Milan,77,65,0
17-18,17-18 EL,2018-03-20:Panathinaikos Superfoods Athens-Crvena Zvezda mts Belgrade,E2017:210,2018-03-20 20:15:00,RS,RS,27,played,Panathinaikos Superfoods Athens,Crvena Zvezda mts Belgrade,91,71,0
17-18,17-18 EL,2018-03-20:Valencia Basket-Real Madrid,E2017:211,2018-03-20 20:30:00,RS,RS,27,played,Valencia Basket,Real Madrid,96,88,0
17-18,17-18 EL,2018-03-21:CSKA Moscow-Olympiacos Piraeus,E2017:215,2018-03-21 18:00:00,RS,RS,27,played,CSKA Moscow,Olympiacos Piraeus,89,81,0
17-18,17-18 EL,2018-03-21:Anadolu Efes Istanbul-Khimki Moscow Region,E2017:213,2018-03-21 18:45:00,RS,RS,27,played,Anadolu Efes Istanbul,Khimki Moscow Region,73,85,0
17-18,17-18 EL,2018-03-21:KIROLBET Baskonia Vitoria Gasteiz-Brose Bamberg,E2017:214,2018-03-21 20:30:00,RS,RS,27,played,KIROLBET Baskonia Vitoria Gasteiz,Brose Bamberg,103,79,0
17-18,17-18 EL,2018-03-21:Unicaja Malaga-FC Barcelona Lassa,E2017:216,2018-03-21 20:45:00,RS,RS,27,played,Unicaja Malaga,FC Barcelona Lassa,95,91,0
17-18,17-18 EL,2018-03-22:Crvena Zvezda mts Belgrade-Fenerbahce Dogus Istanbul,E2017:217,2018-03-22 19:00:00,RS,RS,28,played,Crvena Zvezda mts Belgrade,Fenerbahce Dogus Istanbul,63,80,0
17-18,17-18 EL,2018-03-22:Maccabi FOX Tel Aviv-Panathinaikos Superfoods Athens,E2017:219,2018-03-22 20:05:00,RS,RS,28,played,Maccabi FOX Tel Aviv,Panathinaikos Superfoods Athens,75,76,0
17-18,17-18 EL,2018-03-22:AX Armani Exchange Olimpia Milan-Valencia Basket,E2017:218,2018-03-22 20:45:00,RS,RS,28,played,AX Armani Exchange Olimpia Milan,Valencia Basket,89,93,0
17-18,17-18 EL,2018-03-22:Real Madrid-Zalgiris Kaunas,E2017:220,2018-03-22 20:45:00,RS,RS,28,played,Real Madrid,Zalgiris Kaunas,88,81,0
17-18,17-18 EL,2018-03-23:Khimki Moscow Region-CSKA Moscow,E2017:223,2018-03-23 18:00:00,RS,RS,28,played,Khimki Moscow Region,CSKA Moscow,73,90,0
17-18,17-18 EL,2018-03-23:Brose Bamberg-Unicaja Malaga,E2017:221,2018-03-23 19:00:00,RS,RS,28,played,Brose Bamberg,Unicaja Malaga,93,88,0
17-18,17-18 EL,2018-03-23:Olympiacos Piraeus-Anadolu Efes Istanbul,E2017:224,2018-03-23 20:00:00,RS,RS,28,played,Olympiacos Piraeus,Anadolu Efes Istanbul,89,82,0
17-18,17-18 EL,2018-03-23:FC Barcelona Lassa-KIROLBET Baskonia Vitoria Gasteiz,E2017:222,2018-03-23 21:00:00,RS,RS,28,played,FC Barcelona Lassa,KIROLBET Baskonia Vitoria Gasteiz,73,86,0
17-18,17-18 EL,2018-03-29:Khimki Moscow Region-Fenerbahce Dogus Istanbul,E2017:228,2018-03-29 17:45:00,RS,RS,29,played,Khimki Moscow Region,Fenerbahce Dogus Istanbul,64,73,0
17-18,17-18 EL,2018-03-29:Anadolu Efes Istanbul-FC Barcelona Lassa,E2017:225,2018-03-29 19:45:00,RS,RS,29,played,Anadolu Efes Istanbul,FC Barcelona Lassa,83,107,0
17-18,17-18 EL,2018-03-29:Brose Bamberg-AX Armani Exchange Olimpia Milan,E2017:227,2018-03-29 20:00:00,RS,RS,29,played,Brose Bamberg,AX Armani Exchange Olimpia Milan,78,83,0
17-18,17-18 EL,2018-03-29:KIROLBET Baskonia Vitoria Gasteiz-Maccabi FOX Tel Aviv,E2017:226,2018-03-29 21:00:00,RS,RS,29,played,KIROLBET Baskonia Vitoria Gasteiz,Maccabi FOX Tel Aviv,83,72,0
17-18,17-18 EL,2018-03-30:Unicaja Malaga-Olympiacos Piraeus,E2017:231,2018-03-30 18:00:00,RS,RS,29,played,Unicaja Malaga,Olympiacos Piraeus,87,85,1
17-18,17-18 EL,2018-03-30:Zalgiris Kaunas-CSKA Moscow,E2017:232,2018-03-30 19:00:00,RS,RS,29,played,Zalgiris Kaunas,CSKA Moscow,85,73,0
17-18,17-18 EL,2018-03-30:Crvena Zvezda mts Belgrade-Real Madrid,E2017:229,2018-03-30 19:00:00,RS,RS,29,played,Crvena Zvezda mts Belgrade,Real Madrid,79,82,0
17-18,17-18 EL,2018-03-30:Panathinaikos Superfoods Athens-Valencia Basket,E2017:230,2018-03-30 20:15:00,RS,RS,29,played,Panathinaikos Superfoods Athens,Valencia Basket,75,56,0
17-18,17-18 EL,2018-04-05:CSKA Moscow-Crvena Zvezda mts Belgrade,E2017:237,2018-04-05 19:00:00,RS,RS,30,played,CSKA Moscow,Crvena Zvezda mts Belgrade,92,81,0
17-18,17-18 EL,2018-04-05:Fenerbahce Dogus Istanbul-Unicaja Malaga,E2017:236,2018-04-05 19:15:00,RS,RS,30,played,Fenerbahce Dogus Istanbul,Unicaja Malaga,91,99,1
17-18,17-18 EL,2018-04-05:AX Armani Exchange Olimpia Milan-Panathinaikos Superfoods Athens,E2017:234,2018-04-05 20:45:00,RS,RS,30,played,AX Armani Exchange Olimpia Milan,Panathinaikos Superfoods Athens,95,96,1
17-18,17-18 EL,2018-04-05:FC Barcelona Lassa-Khimki Moscow Region,E2017:235,2018-04-05 21:00:00,RS,RS,30,played,FC Barcelona Lassa,Khimki Moscow Region,86,82,0
17-18,17-18 EL,2018-04-05:KIROLBET Baskonia Vitoria Gasteiz-Anadolu Efes Istanbul,E2017:233,2018-04-05 21:00:00,RS,RS,30,played,KIROLBET Baskonia Vitoria Gasteiz,Anadolu Efes Istanbul,79,81,0
17-18,17-18 EL,2018-04-06:Olympiacos Piraeus-Zalgiris Kaunas,E2017:238,2018-04-06 18:00:00,RS,RS,30,played,Olympiacos Piraeus,Zalgiris Kaunas,85,86,1
17-18,17-18 EL,2018-04-06:Valencia Basket-Maccabi FOX Tel Aviv,E2017:240,2018-04-06 20:30:00,RS,RS,30,played,Valencia Basket,Maccabi FOX Tel Aviv,87,84,0
17-18,17-18 EL,2018-04-06:Real Madrid-Brose Bamberg,E2017:239,2018-04-06 21:00:00,RS,RS,30,played,Real Madrid,Brose Bamberg,106,86,0
17-18,17-18 EL,2018-04-17:CSKA Moscow-Khimki Moscow Region,E2017:241,2018-04-17 19:00:00,PO,PO,1,played,CSKA Moscow,Khimki Moscow Region,98,95,0
17-18,17-18 EL,2018-04-17:Panathinaikos Superfoods Athens-Real Madrid,E2017:242,2018-04-17 20:15:00,PO,PO,1,played,Panathinaikos Superfoods Athens,Real Madrid,95,67,0
17-18,17-18 EL,2018-04-18:Fenerbahce Dogus Istanbul-KIROLBET Baskonia Vitoria Gasteiz,E2017:244,2018-04-18 19:15:00,PO,PO,1,played,Fenerbahce Dogus Istanbul,KIROLBET Baskonia Vitoria Gasteiz,82,73,0
17-18,17-18 EL,2018-04-18:Olympiacos Piraeus-Zalgiris Kaunas,E2017:243,2018-04-18 20:15:00,PO,PO,1,played,Olympiacos Piraeus,Zalgiris Kaunas,78,87,1
17-18,17-18 EL,2018-04-19:CSKA Moscow-Khimki Moscow Region,E2017:245,2018-04-19 19:00:00,PO,PO,2,played,CSKA Moscow,Khimki Moscow Region,89,84,0
17-18,17-18 EL,2018-04-19:Panathinaikos Superfoods Athens-Real Madrid,E2017:246,2018-04-19 20:15:00,PO,PO,2,played,Panathinaikos Superfoods Athens,Real Madrid,82,89,0
17-18,17-18 EL,2018-04-20:Fenerbahce Dogus Istanbul-KIROLBET Baskonia Vitoria Gasteiz,E2017:248,2018-04-20 19:45:00,PO,PO,2,played,Fenerbahce Dogus Istanbul,KIROLBET Baskonia Vitoria Gasteiz,95,89,0
17-18,17-18 EL,2018-04-20:Olympiacos Piraeus-Zalgiris Kaunas,E2017:247,2018-04-20 20:15:00,PO,PO,2,played,Olympiacos Piraeus,Zalgiris Kaunas,79,68,0
17-18,17-18 EL,2018-04-24:Zalgiris Kaunas-Olympiacos Piraeus,E2017:251,2018-04-24 19:00:00,PO,PO,3,played,Zalgiris Kaunas,Olympiacos Piraeus,80,60,0
17-18,17-18 EL,2018-04-24:KIROLBET Baskonia Vitoria Gasteiz-Fenerbahce Dogus Istanbul,E2017:252,2018-04-24 21:00:00,PO,PO,3,played,KIROLBET Baskonia Vitoria Gasteiz,Fenerbahce Dogus Istanbul,88,83,0
17-18,17-18 EL,2018-04-25:Real Madrid-Panathinaikos Superfoods Athens,E2017:250,2018-04-25 18:45:00,PO,PO,3,played,Real Madrid,Panathinaikos Superfoods Athens,81,74,0
17-18,17-18 EL,2018-04-25:Khimki Moscow Region-CSKA Moscow,E2017:249,2018-04-25 19:00:00,PO,PO,3,played,Khimki Moscow Region,CSKA Moscow,79,73,0
17-18,17-18 EL,2018-04-26:Zalgiris Kaunas-Olympiacos Piraeus,E2017:255,2018-04-26 19:00:00,PO,PO,4,played,Zalgiris Kaunas,Olympiacos Piraeus,101,91,0
17-18,17-18 EL,2018-04-26:KIROLBET Baskonia Vitoria Gasteiz-Fenerbahce Dogus Istanbul,E2017:256,2018-04-26 21:00:00,PO,PO,4,played,KIROLBET Baskonia Vitoria Gasteiz,Fenerbahce Dogus Istanbul,83,92,0
17-18,17-18 EL,2018-04-27:Khimki Moscow Region-CSKA Moscow,E2017:253,2018-04-27 19:00:00,PO,PO,4,played,Khimki Moscow Region,CSKA Moscow,88,89,0
17-18,17-18 EL,2018-04-27:Real Madrid-Panathinaikos Superfoods Athens,E2017:254,2018-04-27 21:00:00,PO,PO,4,played,Real Madrid,Panathinaikos Superfoods Athens,89,82,0
17-18,17-18 EL,2018-05-18:Fenerbahce Dogus Istanbul-Zalgiris Kaunas,E2017:258,2018-05-18 18:00:00,PO,F4,35,played,Fenerbahce Dogus Istanbul,Zalgiris Kaunas,76,67,0
17-18,17-18 EL,2018-05-18:CSKA Moscow-Real Madrid,E2017:257,2018-05-18 21:00:00,PO,F4,35,played,CSKA Moscow,Real Madrid,83,92,0
17-18,17-18 EL,2018-05-20:CSKA Moscow-Zalgiris Kaunas,E2017:259,2018-05-20 17:00:00,PO,F4,36,played,CSKA Moscow,Zalgiris Kaunas,77,79,0
17-18,17-18 EL,2018-05-20:Real Madrid-Fenerbahce Dogus Istanbul,E2017:260,2018-05-20 20:00:00,PO,F4,36,played,Real Madrid,Fenerbahce Dogus Istanbul,85,80,0
