player_id,name,middle_name,surname,full_name,birthday,sex,role,height,weight,team_id,season_id,jersey_number,picture_url
Nando De Colo,Nando,NA,De Colo,Nando De Colo,1987-06-23,M,G,1.96,91,CSKA Moscow,17-18,1,NA
Vitaly Fridzon,Vitaly,NA,Fridzon,Vitaly Fridzon,1985-10-14,M,G,1.94,90,CSKA Moscow,17-18,7,NA
Leo Westermann,Leo,Joseph Paul,Westermann,Leo Westermann,1992-07-24,M,G,1.98,90,CSKA Moscow,17-18,9,NA
Semen Antonov,Semen,NA,Antonov,Semen Antonov,1989-07-18,M,F,2.02,100,CSKA Moscow,17-18,11,NA
Sergio Rodriguez,Sergio,NA,Rodriguez,Sergio Rodriguez,1986-06-12,M,G,1.91,83,CSKA Moscow,17-18,13,NA
Andrey Vorontsevich,Andrey,NA,Vorontsevich,Andrey Vorontsevich,1987-07-17,M,F,2.07,107,CSKA Moscow,17-18,00,NA
Will Clyburn,Will,NA,Clyburn,Will Clyburn,1990-05-17,M,F,2.01,99,CSKA Moscow,17-18,21,NA
Cory Higgins,Cory,NA,Higgins,Cory Higgins,1989-06-14,M,G,1.95,85,CSKA Moscow,17-18,22,NA
Victor Khryapa,Victor,NA,Khryapa,Victor Khryapa,1982-08-03,M,F,2.03,101,CSKA Moscow,17-18,31,NA
Nikita Kurbanov,Nikita,NA,Kurbanov,Nikita Kurbanov,1986-10-05,M,F,2.02,97,CSKA Moscow,17-18,41,NA
Kyle Hines,Kyle,Tyrrell,Hines,Kyle Hines,1986-09-02,M,C,1.98,109,CSKA Moscow,17-18,42,NA
Othello Hunter,Othello,Tegba,Hunter,Othello Hunter,1986-05-28,M,C,2.03,102,CSKA Moscow,17-18,44,NA
Andrew Goudelock,Andrew,Darius,Goudelock,Andrew Goudelock,1988-12-07,M,G,1.91,88,AX Armani Exchange Olimpia Milan,17-18,0,NA
Vladimir Micov,Vladimir,NA,Micov,Vladimir Micov,1985-04-16,M,F,2.01,101,AX Armani Exchange Olimpia Milan,17-18,5,NA
Mantas Kalnietis,Mantas,NA,Kalnietis,Mantas Kalnietis,1986-09-06,M,G,1.96,89,AX Armani Exchange Olimpia Milan,17-18,9,NA
Simone Fontecchio,Simone,NA,Fontecchio,Simone Fontecchio,1995-12-09,M,G,2.03,96,AX Armani Exchange Olimpia Milan,17-18,13,NA
Kaleb Tarczewski,Kaleb,Erick,Tarczewski,Kaleb Tarczewski,1993-02-26,M,C,2.13,116,AX Armani Exchange Olimpia Milan,17-18,15,NA
Marco Cusin,Marco,NA,Cusin,Marco Cusin,1985-02-28,M,C,2.11,108,AX Armani Exchange Olimpia Milan,17-18,22,NA
Awudu Abass,Awudu,Abass,Abass,Awudu Abass,1993-01-27,M,G,1.98,100,AX Armani Exchange Olimpia Milan,17-18,23,NA
Amath M'Baye,Amath,Amadou Garvey,M'Baye,Amath M'Baye,1989-12-14,M,F,2.06,99,AX Armani Exchange Olimpia Milan,17-18,24,NA
Jordan Theodore,Jordan,NA,Theodore,Jordan Theodore,1989-12-11,M,G,1.83,82,AX Armani Exchange Olimpia Milan,17-18,25,NA
Cory Jefferson,Cory,Allen,Jefferson,Cory Jefferson,1990-12-26,M,C,2.06,101,AX Armani Exchange Olimpia Milan,17-18,34,NA
Dairis Bertans,Dairis,NA,Bertans,Dairis Bertans,1989-09-09,M,G,1.92,90,AX Armani Exchange Olimpia Milan,17-18,45,NA
Arturas Gudaitis,Arturas,NA,Gudaitis,Arturas Gudaitis,1993-06-19,M,C,2.13,121,AX Armani Exchange Olimpia Milan,17-18,77,NA
Ricky Ledo,Ricky,NA,Ledo,Ricky Ledo,1992-09-10,M,G,1.97,90,Anadolu Efes Istanbul,17-18,1,NA
Errick McCollum,Errick,Lane,McCollum,Errick McCollum,1988-01-22,M,G,1.88,87,Anadolu Efes Istanbul,17-18,3,NA
Dogus Balbay,Dogus,NA,Balbay,Dogus Balbay,1989-01-21,M,G,1.85,78,Anadolu Efes Istanbul,17-18,4,NA
Onuralp Bitim,Onuralp,NA,Bitim,Onuralp Bitim,1999-03-31,M,G,1.96,89,Anadolu Efes Istanbul,17-18,10,NA
Berk Demir,Berk,NA,Demir,Berk Demir,1995-05-18,M,F,2.04,96,Anadolu Efes Istanbul,17-18,11,NA
Brock Motum,Brock,William,Motum,Brock Motum,1990-10-16,M,F,2.08,110,Anadolu Efes Istanbul,17-18,12,NA
Josh Adams,Josh,NA,Adams,Josh Adams,1993-11-16,M,G,1.88,85,Anadolu Efes Istanbul,17-18,14,NA
Vladimir Stimac,Vladimir,NA,Stimac,Vladimir Stimac,1987-08-25,M,C,2.1,110,Anadolu Efes Istanbul,17-18,15,NA
Muhaymin Mustafa,Muhaymin,NA,Mustafa,Muhaymin Mustafa,1999-02-10,M,G,1.96,80,Anadolu Efes Istanbul,17-18,22,NA
Edo Muric,Edo,NA,Muric,Edo Muric,1991-11-27,M,F,2.01,101,Anadolu Efes Istanbul,17-18,24,NA
Bryant Dunston,Bryant,Kevin,Dunston,Bryant Dunston,1986-05-28,M,C,2.03,106,Anadolu Efes Istanbul,17-18,42,NA
Krunoslav Simon,Krunoslav,NA,Simon,Krunoslav Simon,1985-06-24,M,F,1.97,89,Anadolu Efes Istanbul,17-18,44,NA
Fabien Causeur,Fabien,NA,Causeur,Fabien Causeur,1987-06-16,M,F,1.95,86,Real Madrid,17-18,1,NA
Chasson Randle,Chasson,Jermar,Randle,Chasson Randle,1993-02-05,M,G,1.88,84,Real Madrid,17-18,2,NA
Anthony Randolph,Anthony,Erwin,Randolph,Anthony Randolph,1989-07-15,M,C,2.11,104,Real Madrid,17-18,3,NA
Luka Doncic,Luka,NA,Doncic,Luka Doncic,1999-02-28,M,G,1.99,99,Real Madrid,17-18,7,NA
Jonas Maciulis,Jonas,NA,Maciulis,Jonas Maciulis,1985-02-10,M,F,1.98,104,Real Madrid,17-18,8,NA
Felipe Reyes,Felipe,NA,Reyes,Felipe Reyes,1980-03-16,M,F,2.04,104,Real Madrid,17-18,9,NA
Facundo Campazzo,Facundo,NA,Campazzo,Facundo Campazzo,1991-03-23,M,G,1.81,84,Real Madrid,17-18,11,NA
Gustavo Ayon,Gustavo,Alfonso,Ayon,Gustavo Ayon,1985-04-01,M,C,2.08,112,Real Madrid,17-18,14,NA
Santi Yusta,Santi,NA,Yusta,Santi Yusta,1997-04-28,M,F,2,87,Real Madrid,17-18,16,NA
Jaycee Carroll,Jaycee,Don,Carroll,Jaycee Carroll,1983-04-16,M,G,1.88,82,Real Madrid,17-18,20,NA
Ognjen Kuzmic,Ognjen,NA,Kuzmic,Ognjen Kuzmic,1990-05-16,M,C,2.13,121,Real Madrid,17-18,32,NA
Jeffery Taylor,Jeffery,Matthew,Taylor,Jeffery Taylor,1989-05-23,M,F,2.01,102,Real Madrid,17-18,44,NA
Jamel McLean,Jamel,Lacey,McLean,Jamel McLean,1988-04-18,M,C,2.02,109,Olympiacos Piraeus,17-18,1,NA
Vassilis Toliopoulos,Vassilis,NA,Toliopoulos,Vassilis Toliopoulos,1996-06-15,M,G,1.88,80,Olympiacos Piraeus,17-18,4,NA
Ioannis Papapetrou,Ioannis,NA,Papapetrou,Ioannis Papapetrou,1994-03-30,M,F,2.06,106,Olympiacos Piraeus,17-18,6,NA
Dimitrios Agravanis,Dimitrios,NA,Agravanis,Dimitrios Agravanis,1994-12-20,M,F,2.08,106,Olympiacos Piraeus,17-18,10,NA
Nikola Milutinov,Nikola,NA,Milutinov,Nikola Milutinov,1994-12-30,M,C,2.13,114,Olympiacos Piraeus,17-18,11,NA
Janis Strelnieks,Janis,NA,Strelnieks,Janis Strelnieks,1989-09-01,M,G,1.91,90,Olympiacos Piraeus,17-18,13,NA
Kim Tillie,Kim,Gerlof Guy,Tillie,Kim Tillie,1988-07-15,M,F,2.1,103,Olympiacos Piraeus,17-18,14,NA
Georgios Printezis,Georgios,NA,Printezis,Georgios Printezis,1985-02-22,M,F,2.05,105,Olympiacos Piraeus,17-18,15,NA
Kostas Papanikolaou,Kostas,NA,Papanikolaou,Kostas Papanikolaou,1990-07-31,M,F,2.04,104,Olympiacos Piraeus,17-18,16,NA
Vangelis Mantzaris,Vangelis,NA,Mantzaris,Vangelis Mantzaris,1990-04-16,M,G,1.94,86,Olympiacos Piraeus,17-18,17,NA
Georgios Bogris,Georgios,NA,Bogris,Georgios Bogris,1989-02-19,M,C,2.1,118,Olympiacos Piraeus,17-18,31,NA
Hollis Thompson,Hollis,Keith,Thompson,Hollis Thompson,1991-04-03,M,F,2.03,100,Olympiacos Piraeus,17-18,34,NA
Luca Vildoza,Luca,NA,Vildoza,Luca Vildoza,1995-08-11,M,G,1.91,86,KIROLBET Baskonia Vitoria Gasteiz,17-18,3,NA
Janis Timma,Janis,NA,Timma,Janis Timma,1992-07-02,M,F,2.01,92,KIROLBET Baskonia Vitoria Gasteiz,17-18,6,NA
Johannes Voigtmann,Johannes,NA,Voigtmann,Johannes Voigtmann,1992-09-30,M,C,2.11,111,KIROLBET Baskonia Vitoria Gasteiz,17-18,7,NA
Marcelinho Huertas,Marcelinho,NA,Huertas,Marcelinho Huertas,1983-05-25,M,G,1.9,84,KIROLBET Baskonia Vitoria Gasteiz,17-18,9,NA
Matt Janning,Matt,NA,Janning,Matt Janning,1988-06-22,M,G,1.93,90,KIROLBET Baskonia Vitoria Gasteiz,17-18,11,NA
Ilimane Diop,Ilimane,NA,Diop,Ilimane Diop,1995-04-04,M,C,2.11,98,KIROLBET Baskonia Vitoria Gasteiz,17-18,12,NA
Jayson Granger,Jayson,Antoine,Granger,Jayson Granger,1989-09-15,M,G,1.89,97,KIROLBET Baskonia Vitoria Gasteiz,17-18,15,NA
Vincent Poirier,Vincent,Yann,Poirier,Vincent Poirier,1993-10-17,M,C,2.13,110,KIROLBET Baskonia Vitoria Gasteiz,17-18,17,NA
Tornike Shengelia,Tornike,NA,Shengelia,Tornike Shengelia,1991-10-05,M,C,2.06,103,KIROLBET Baskonia Vitoria Gasteiz,17-18,23,NA
Carlos Delfino,Carlos,Francisco,Delfino,Carlos Delfino,1982-08-29,M,F,1.98,105,KIROLBET Baskonia Vitoria Gasteiz,17-18,91,NA
Daniel Hackett,Daniel,Lorenzo,Hackett,Daniel Hackett,1987-12-19,M,G,1.96,97,Brose Bamberg,17-18,0,NA
Ricky Hickman,Ricky,NA,Hickman,Ricky Hickman,1985-09-01,M,G,1.89,88,Brose Bamberg,17-18,2,NA
Nikos Zisis,Nikos,NA,Zisis,Nikos Zisis,1983-08-16,M,G,1.97,98,Brose Bamberg,17-18,6,NA
Aleksej Nikolic,Aleksej,NA,Nikolic,Aleksej Nikolic,1995-02-21,M,G,1.91,92,Brose Bamberg,17-18,7,NA
Lucca Staiger,Lucca,Daniel,Staiger,Lucca Staiger,1988-06-14,M,G,1.96,93,Brose Bamberg,17-18,8,NA
Luka Mitrovic,Luka,NA,Mitrovic,Luka Mitrovic,1993-03-21,M,F,2.06,102,Brose Bamberg,17-18,9,NA
Maodo Lo,Maodo,Sylvester Luis,Lo,Maodo Lo,1992-12-31,M,G,1.91,82,Brose Bamberg,17-18,12,NA
Louis Olinde,Louis,Franklin,Olinde,Louis Olinde,1998-03-19,M,F,2.05,87,Brose Bamberg,17-18,16,NA
Augustine Rubit,Augustine,NA,Rubit,Augustine Rubit,1989-08-14,M,F,2.03,104,Brose Bamberg,17-18,21,NA
Patrick Heckmann,Patrick,NA,Heckmann,Patrick Heckmann,1992-02-27,M,F,1.98,100,Brose Bamberg,17-18,33,NA
Leon Radosevic,Leon,NA,Radosevic,Leon Radosevic,1990-02-26,M,C,2.08,112,Brose Bamberg,17-18,43,NA
Bryce Taylor,Bryce,Nicolas,Taylor,Bryce Taylor,1986-09-27,M,G,1.95,95,Brose Bamberg,17-18,44,NA
Deshaun Thomas,Deshaun,Leroy,Thomas,Deshaun Thomas,1991-08-29,M,F,2.01,104,Maccabi FOX Tel Aviv,17-18,1,NA
Karam Mashour,Karam,NA,Mashour,Karam Mashour,1991-08-09,M,F,1.98,94,Maccabi FOX Tel Aviv,17-18,4,NA
Michael Roll,Michael,Brandon,Roll,Michael Roll,1987-04-12,M,F,1.98,92,Maccabi FOX Tel Aviv,17-18,5,NA
Deandre Kane,Deandre,Donte,Kane,Deandre Kane,1989-06-10,M,G,1.96,88,Maccabi FOX Tel Aviv,17-18,7,NA
Alex Tyus,Alex,NA,Tyus,Alex Tyus,1988-01-08,M,C,2.04,101,Maccabi FOX Tel Aviv,17-18,9,NA
John Dibartolomeo,John,Daniel,Dibartolomeo,John Dibartolomeo,1991-06-20,M,G,1.83,90,Maccabi FOX Tel Aviv,17-18,12,NA
Jake Cohen,Jake,NA,Cohen,Jake Cohen,1990-09-25,M,C,2.1,107,Maccabi FOX Tel Aviv,17-18,15,NA
Itay Segev,Itay,NA,Segev,Itay Segev,1995-06-15,M,F,2.04,103,Maccabi FOX Tel Aviv,17-18,18,NA
Norris Cole,Norris,Gene,Cole,Norris Cole,1988-10-13,M,G,1.88,79,Maccabi FOX Tel Aviv,17-18,30,NA
Jonah Bolden,Jonah,Anthony,Bolden,Jonah Bolden,1996-01-02,M,F,2.08,98,Maccabi FOX Tel Aviv,17-18,43,NA
Artsiom Parakhouski,Artsiom,NA,Parakhouski,Artsiom Parakhouski,1987-10-06,M,C,2.11,123,Maccabi FOX Tel Aviv,17-18,45,NA
Pierre Jackson,Pierre,De Shawn,Jackson,Pierre Jackson,1991-08-29,M,G,1.8,82,Maccabi FOX Tel Aviv,17-18,55,NA
Ray McCallum,Ray,Michael,McCallum,Ray McCallum,1991-06-12,M,G,1.91,84,Unicaja Malaga,17-18,3,NA
Alberto Diaz,Alberto,NA,Diaz,Alberto Diaz,1994-04-23,M,G,1.88,83,Unicaja Malaga,17-18,9,NA
Sasu Salin,Sasu,Antreas,Salin,Sasu Salin,1991-06-11,M,G,1.91,85,Unicaja Malaga,17-18,10,NA
Daniel Diez,Daniel,NA,Diez,Daniel Diez,1993-04-07,M,F,2.01,97,Unicaja Malaga,17-18,11,NA
Dragan Milosavljevic,Dragan,NA,Milosavljevic,Dragan Milosavljevic,1989-05-11,M,G,1.98,96,Unicaja Malaga,17-18,12,NA
Nemanja Nedovic,Nemanja,NA,Nedovic,Nemanja Nedovic,1991-06-16,M,G,1.92,89,Unicaja Malaga,17-18,16,NA
Giorgi Shermadini,Giorgi,NA,Shermadini,Giorgi Shermadini,1989-04-02,M,C,2.17,110,Unicaja Malaga,17-18,17,NA
Adam Waczynski,Adam,Szczepan,Waczynski,Adam Waczynski,1989-10-15,M,F,1.99,95,Unicaja Malaga,17-18,21,NA
Jeff Brooks,Jeff,NA,Brooks,Jeff Brooks,1989-06-12,M,F,2.03,94,Unicaja Malaga,17-18,23,NA
James Augustine,James,Dale,Augustine,James Augustine,1984-02-27,M,C,2.08,106,Unicaja Malaga,17-18,40,NA
Carlos Suarez,Carlos,NA,Suarez,Carlos Suarez,1986-05-23,M,F,2.03,110,Unicaja Malaga,17-18,43,NA
Dejan Musli,Dejan,NA,Musli,Dejan Musli,1991-01-03,M,C,2.13,115,Unicaja Malaga,17-18,44,NA
Jason Thompson,Jason,Carlton,Thompson,Jason Thompson,1986-07-21,M,C,2.11,106,Fenerbahce Dogus Istanbul,17-18,1,NA
Nicolo Melli,Nicolo,NA,Melli,Nicolo Melli,1991-01-26,M,F,2.05,112,Fenerbahce Dogus Istanbul,17-18,4,NA
Baris Hersek,Baris,NA,Hersek,Baris Hersek,1988-03-26,M,F,2.08,105,Fenerbahce Dogus Istanbul,17-18,5,NA
Melih Mahmutoglu,Melih,NA,Mahmutoglu,Melih Mahmutoglu,1990-05-12,M,G,1.91,95,Fenerbahce Dogus Istanbul,17-18,10,NA
Brad Wanamaker,Brad,NA,Wanamaker,Brad Wanamaker,1989-07-25,M,G,1.93,97,Fenerbahce Dogus Istanbul,17-18,11,NA
Kostas Sloukas,Kostas,NA,Sloukas,Kostas Sloukas,1990-01-15,M,G,1.9,87,Fenerbahce Dogus Istanbul,17-18,16,NA
James Nunnally,James,William,Nunnally,James Nunnally,1990-07-14,M,F,2.01,93,Fenerbahce Dogus Istanbul,17-18,21,NA
Marko Guduric,Marko,NA,Guduric,Marko Guduric,1995-03-08,M,G,1.96,97,Fenerbahce Dogus Istanbul,17-18,23,NA
Jan Vesely,Jan,NA,Vesely,Jan Vesely,1990-04-24,M,C,2.13,110,Fenerbahce Dogus Istanbul,17-18,24,NA
Sinan Guler,Sinan,NA,Guler,Sinan Guler,1983-11-08,M,G,1.92,85,Fenerbahce Dogus Istanbul,17-18,32,NA
Ahmet Duverioglu,Ahmet,NA,Duverioglu,Ahmet Duverioglu,1993-03-04,M,C,2.09,115,Fenerbahce Dogus Istanbul,17-18,44,NA
Luigi Datome,Luigi,NA,Datome,Luigi Datome,1987-11-27,M,F,2.03,98,Fenerbahce Dogus Istanbul,17-18,70,NA
Thomas Robinson,Thomas,Earl,Robinson,Thomas Robinson,1991-03-17,M,C,2.08,108,Khimki Moscow Region,17-18,0,NA
Alexey Shved,Alexey,NA,Shved,Alexey Shved,1988-12-16,M,G,1.98,86,Khimki Moscow Region,17-18,1,NA
Egor Vyaltsev,Egor,NA,Vyaltsev,Egor Vyaltsev,1985-10-10,M,F,1.93,86,Khimki Moscow Region,17-18,6,NA
Vyacheslav Zaytsev,Vyacheslav,NA,Zaytsev,Vyacheslav Zaytsev,1989-08-28,M,G,1.9,86,Khimki Moscow Region,17-18,8,NA
Stefan Markovic,Stefan,NA,Markovic,Stefan Markovic,1988-04-25,M,G,1.98,98,Khimki Moscow Region,17-18,9,NA
Sergey Monia,Sergey,NA,Monia,Sergey Monia,1983-04-15,M,F,2.02,107,Khimki Moscow Region,17-18,12,NA
Anthony Gill,Anthony,Remeral,Gill,Anthony Gill,1992-10-17,M,F,2.04,100,Khimki Moscow Region,17-18,13,NA
Marko Todorovic,Marko,NA,Todorovic,Marko Todorovic,1992-04-19,M,C,2.1,111,Khimki Moscow Region,17-18,19,NA
Andrey Zubkov,Andrey,NA,Zubkov,Andrey Zubkov,1991-06-29,M,F,2.06,100,Khimki Moscow Region,17-18,20,NA
James Anderson,James,Lee,Anderson,James Anderson,1989-03-25,M,G,1.98,97,Khimki Moscow Region,17-18,21,NA
Charles Jenkins,Charles,NA,Jenkins,Charles Jenkins,1989-02-28,M,G,1.91,98,Khimki Moscow Region,17-18,22,NA
Malcolm Thomas,Malcolm,Iseiah,Thomas,Malcolm Thomas,1988-11-08,M,C,2.06,103,Khimki Moscow Region,17-18,23,NA
Will Thomas,Will,NA,Thomas,Will Thomas,1986-07-01,M,F,2.03,110,Valencia Basket,17-18,0,NA
Josep Puerto,Josep,NA,Puerto,Josep Puerto,1999-03-08,M,F,2,80,Valencia Basket,17-18,3,NA
Alberto Abalde,Alberto,NA,Abalde,Alberto Abalde,1995-12-15,M,F,2.02,95,Valencia Basket,17-18,6,NA
Sam Van Rossom,Sam,Tom B,Van Rossom,Sam Van Rossom,1986-06-03,M,G,1.88,88,Valencia Basket,17-18,9,NA
Bojan Dubljevic,Bojan,NA,Dubljevic,Bojan Dubljevic,1991-10-24,M,C,2.05,105,Valencia Basket,17-18,14,NA
Guillem Vives,Guillem,NA,Vives,Guillem Vives,1993-06-16,M,G,1.92,84,Valencia Basket,17-18,16,NA
Rafa Martinez,Rafa,NA,Martinez,Rafa Martinez,1982-03-03,M,G,1.9,91,Valencia Basket,17-18,17,NA
Tibor Pleiss,Tibor,NA,Pleiss,Tibor Pleiss,1989-11-02,M,C,2.21,120,Valencia Basket,17-18,21,NA
Joan Sastre,Joan,NA,Sastre,Joan Sastre,1991-12-10,M,F,2.01,82,Valencia Basket,17-18,30,NA
Erick Green,Erick,Obrien,Green,Erick Green,1991-05-09,M,G,1.9,83,Valencia Basket,17-18,32,NA
Aaron Doornekamp,Aaron,Rene,Doornekamp,Aaron Doornekamp,1985-12-05,M,F,2.01,99,Valencia Basket,17-18,42,NA
Tryggvi Hlinason,Tryggvi,Snaer,Hlinason,Tryggvi Hlinason,1997-10-28,M,C,2.15,118,Valencia Basket,17-18,51,NA
Brandon Davies,Brandon,Jameel,Davies,Brandon Davies,1991-07-25,M,C,2.08,106,Zalgiris Kaunas,17-18,0,NA
Kevin Pangos,Kevin,Joseph,Pangos,Kevin Pangos,1993-01-26,M,G,1.86,84,Zalgiris Kaunas,17-18,3,NA
Axel Toupane,Axel,Joseph Jean-Jacques,Toupane,Axel Toupane,1992-07-23,M,F,2.01,95,Zalgiris Kaunas,17-18,6,NA
Paulius Jankunas,Paulius,NA,Jankunas,Paulius Jankunas,1984-04-29,M,F,2.05,107,Zalgiris Kaunas,17-18,13,NA
Gytis Masiulis,Gytis,NA,Masiulis,Gytis Masiulis,1998-04-10,M,F,2.06,99,Zalgiris Kaunas,17-18,20,NA
Arturas Milaknis,Arturas,NA,Milaknis,Arturas Milaknis,1986-06-16,M,G,1.95,95,Zalgiris Kaunas,17-18,21,NA
Vasilije Micic,Vasilije,NA,Micic,Vasilije Micic,1994-01-13,M,G,1.96,92,Zalgiris Kaunas,17-18,22,NA
Martynas Arlauskas,Martynas,NA,Arlauskas,Martynas Arlauskas,2000-07-10,M,G,1.99,89,Zalgiris Kaunas,17-18,24,NA
Aaron White,Aaron,Richard,White,Aaron White,1992-09-10,M,F,2.06,99,Zalgiris Kaunas,17-18,30,NA
Antanas Kavaliauskas,Antanas,NA,Kavaliauskas,Antanas Kavaliauskas,1984-09-19,M,C,2.08,113,Zalgiris Kaunas,17-18,44,NA
Paulius Valinskas,Paulius,NA,Valinskas,Paulius Valinskas,1995-12-09,M,G,1.91,85,Zalgiris Kaunas,17-18,66,NA
Edgaras Ulanovas,Edgaras,NA,Ulanovas,Edgaras Ulanovas,1992-01-07,M,F,1.99,99,Zalgiris Kaunas,17-18,92,NA
Nikola Radicevic,Nikola,NA,Radicevic,Nikola Radicevic,1994-04-25,M,G,1.94,91,Crvena Zvezda mts Belgrade,17-18,5,NA
Nemanja Dangubic,Nemanja,NA,Dangubic,Nemanja Dangubic,1993-04-13,M,F,2.04,98,Crvena Zvezda mts Belgrade,17-18,6,NA
Branko Lazic,Branko,NA,Lazic,Branko Lazic,1989-01-12,M,G,1.95,91,Crvena Zvezda mts Belgrade,17-18,10,NA
Stefan Lazarevic,Stefan,NA,Lazarevic,Stefan Lazarevic,1996-08-20,M,G,1.98,95,Crvena Zvezda mts Belgrade,17-18,11,NA
Pero Antic,Pero,NA,Antic,Pero Antic,1982-07-29,M,C,2.11,118,Crvena Zvezda mts Belgrade,17-18,12,NA
Ognjen Dobric,Ognjen,NA,Dobric,Ognjen Dobric,1994-10-27,M,G,2,93,Crvena Zvezda mts Belgrade,17-18,13,NA
James Feldeine,James,Earl,Feldeine,James Feldeine,1988-06-26,M,G,1.93,91,Crvena Zvezda mts Belgrade,17-18,14,NA
Stefan Jankovic,Stefan,NA,Jankovic,Stefan Jankovic,1993-08-04,M,C,2.11,103,Crvena Zvezda mts Belgrade,17-18,16,NA
Taylor Rochestie,Taylor,Campbell,Rochestie,Taylor Rochestie,1985-07-01,M,G,1.86,88,Crvena Zvezda mts Belgrade,17-18,22,NA
Mathias Lessort,Mathias,Michel,Lessort,Mathias Lessort,1995-09-29,M,C,2.06,113,Crvena Zvezda mts Belgrade,17-18,26,NA
Nikola Jovanovic,Nikola,NA,Jovanovic,Nikola Jovanovic,1994-01-06,M,F,2.11,109,Crvena Zvezda mts Belgrade,17-18,32,NA
Milko Bjelica,Milko,NA,Bjelica,Milko Bjelica,1984-06-04,M,C,2.07,115,Crvena Zvezda mts Belgrade,17-18,51,NA
Kevin Seraphin,Kevin,Eddy Ambroise,Seraphin,Kevin Seraphin,1989-12-07,M,C,2.08,130,FC Barcelona Lassa,17-18,1,NA
Pau Ribas,Pau,NA,Ribas,Pau Ribas,1987-03-02,M,G,1.94,83,FC Barcelona Lassa,17-18,5,NA
Marc Garcia,Marc,NA,Garcia,Marc Garcia,1996-03-07,M,G,1.96,85,FC Barcelona Lassa,17-18,6,NA
Phil Pressey,Phil,NA,Pressey,Phil Pressey,1991-02-17,M,G,1.8,83,FC Barcelona Lassa,17-18,8,NA
Adam Hanga,Adam,NA,Hanga,Adam Hanga,1989-04-12,M,F,2,94,FC Barcelona Lassa,17-18,9,NA
Juan Carlos Navarro,Juan Carlos,NA,Navarro,Juan Carlos Navarro,1980-06-13,M,G,1.92,83,FC Barcelona Lassa,17-18,11,NA
Thomas Heurtel,Thomas,David,Heurtel,Thomas Heurtel,1989-04-10,M,G,1.89,83,FC Barcelona Lassa,17-18,13,NA
Sasha Vezenkov,Sasha,NA,Vezenkov,Sasha Vezenkov,1995-08-06,M,F,2.06,102,FC Barcelona Lassa,17-18,14,NA
Pierre Oriola,Pierre,David,Oriola,Pierre Oriola,1992-09-25,M,C,2.08,104,FC Barcelona Lassa,17-18,18,NA
Petteri Koponen,Petteri,Johannes,Koponen,Petteri Koponen,1988-04-13,M,G,NA,NA,FC Barcelona Lassa,17-18,25,NA
Ante Tomic,Ante,NA,Tomic,Ante Tomic,1987-02-17,M,C,2.17,111,FC Barcelona Lassa,17-18,44,NA
Adrien Moerman,Adrien,Rene,Moerman,Adrien Moerman,1988-08-07,M,F,2.02,108,FC Barcelona Lassa,17-18,45,NA
Chris Singleton,Chris,NA,Singleton,Chris Singleton,1989-11-21,M,C,2.06,105,Panathinaikos Superfoods Athens,17-18,0,NA
Kc Rivers,Kc,NA,Rivers,Kc Rivers,1987-03-01,M,F,1.96,97,Panathinaikos Superfoods Athens,17-18,3,NA
Nikos Pappas,Nikos,NA,Pappas,Nikos Pappas,1990-07-11,M,G,1.96,94,Panathinaikos Superfoods Athens,17-18,11,NA
Marcus Denmon,Marcus,Edward,Denmon,Marcus Denmon,1990-03-20,M,G,1.91,90,Panathinaikos Superfoods Athens,17-18,12,NA
James Gist,James,Clough,Gist,James Gist,1986-10-26,M,F,2.04,108,Panathinaikos Superfoods Athens,17-18,14,NA
Ian Vougioukas,Ian,Tzaiims,Vougioukas,Ian Vougioukas,1985-05-31,M,C,2.11,127,Panathinaikos Superfoods Athens,17-18,15,NA
Lukas Lekavicius,Lukas,NA,Lekavicius,Lukas Lekavicius,1994-03-30,M,G,1.8,78,Panathinaikos Superfoods Athens,17-18,19,NA
Kenny Gabriel,Kenny,NA,Gabriel,Kenny Gabriel,1989-07-03,M,F,2.05,98,Panathinaikos Superfoods Athens,17-18,22,NA
Zach Auguste,Zach,NA,Auguste,Zach Auguste,1993-07-08,M,C,2.08,100,Panathinaikos Superfoods Athens,17-18,23,NA
Matt Lojeski,Matt,NA,Lojeski,Matt Lojeski,1985-07-24,M,G,1.98,92,Panathinaikos Superfoods Athens,17-18,24,NA
Nick Calathes,Nick,NA,Calathes,Nick Calathes,1989-02-07,M,G,1.96,94,Panathinaikos Superfoods Athens,17-18,33,NA
Athanasios Antetokounmpo,Athanasios,NA,Antetokounmpo,Athanasios Antetokounmpo,1992-07-18,M,F,2,96,Panathinaikos Superfoods Athens,17-18,43,NA
Yovel Zoosman,Yovel,NA,Zoosman,Yovel Zoosman,1998-05-12,M,G,2,90,Maccabi FOX Tel Aviv,17-18,50,NA
Rodrigue Beaubois,Rodrigue,Gabriel,Beaubois,Rodrigue Beaubois,1988-02-24,M,F,1.9,84,KIROLBET Baskonia Vitoria Gasteiz,17-18,10,NA
Ivan Martinez,Ivan,NA,Martinez,Ivan Martinez,1990-03-02,M,F,1.92,95,KIROLBET Baskonia Vitoria Gasteiz,17-18,19,NA
Thanasis Antetokounmpo,Thanasis,NA,Antetokounmpo,Thanasis Antetokounmpo,1992-07-18,M,F,2,96,Panathinaikos Superfoods Athens,17-18,43,NA
Andrea Cinciarini,Andrea,NA,Cinciarini,Andrea Cinciarini,1986-06-21,M,G,1.93,87,AX Armani Exchange Olimpia Milan,17-18,20,NA
Rudy Fernandez,Rudy,NA,Fernandez,Rudy Fernandez,1985-04-04,M,F,1.96,83,Real Madrid,17-18,5,NA
Marko Keselj,Marko,NA,Keselj,Marko Keselj,1988-01-02,M,F,2.08,98,Crvena Zvezda mts Belgrade,17-18,4,NA
Rodions Kurucs,Rodions,NA,Kurucs,Rodions Kurucs,1998-02-05,M,F,2.06,102,FC Barcelona Lassa,17-18,17,NA
Brian Roberts,Brian,Loyd,Roberts,Brian Roberts,1985-12-03,M,G,1.85,77,Olympiacos Piraeus,17-18,22,NA
Viny Okouo,Viny,Pierrot Marcel,Okouo,Viny Okouo,1997-04-10,M,C,2.14,116,Unicaja Malaga,17-18,2,NA
Justin Doellman,Justin,Joseph,Doellman,Justin Doellman,1985-02-03,M,F,2.06,95,Anadolu Efes Istanbul,17-18,2,NA
Dejan Davidovac,Dejan,NA,Davidovac,Dejan Davidovac,1995-01-17,M,F,2.02,95,Crvena Zvezda mts Belgrade,17-18,7,NA
Dino Radoncic,Dino,NA,Radoncic,Dino Radoncic,1999-01-08,M,F,2.02,102,Real Madrid,17-18,6,NA
Yigitcan Saybir,Yigitcan,NA,Saybir,Yigitcan Saybir,1999-02-27,M,F,2.03,102,Anadolu Efes Istanbul,17-18,6,NA
Patricio Garino,Patricio,NA,Garino,Patricio Garino,1993-05-17,M,F,2.01,92,KIROLBET Baskonia Vitoria Gasteiz,17-18,29,NA
Dorell Wright,Dorell,Lawrence,Wright,Dorell Wright,1985-12-02,M,F,1.98,93,Brose Bamberg,17-18,3,NA
Jordan McRae,Jordan,NA,McRae,Jordan McRae,1991-03-28,M,F,1.98,84,KIROLBET Baskonia Vitoria Gasteiz,17-18,52,NA
Mo Soluade,Mo,NA,Soluade,Mo Soluade,1995-07-12,M,G,1.96,93,Unicaja Malaga,17-18,6,NA
Dragan Apic,Dragan,NA,Apic,Dragan Apic,1995-10-03,M,F,2.05,104,Crvena Zvezda mts Belgrade,17-18,15,NA
Damjan Rudez,Damjan,NA,Rudez,Damjan Rudez,1986-06-17,M,C,2.03,103,Valencia Basket,17-18,10,NA
Fernando San Emeterio,Fernando,NA,San Emeterio,Fernando San Emeterio,1984-01-01,M,F,NA,NA,Valencia Basket,17-18,19,NA
Rinalds Malmanis,Rinalds,NA,Malmanis,Rinalds Malmanis,1996-04-12,M,C,2.05,105,KIROLBET Baskonia Vitoria Gasteiz,17-18,8,NA
Alan Makiev,Alan,NA,Makiev,Alan Makiev,1991-03-20,M,C,2.1,111,CSKA Moscow,17-18,77,NA
Birkan Batuk,Birkan,NA,Batuk,Birkan Batuk,1990-01-30,M,F,1.96,87,Anadolu Efes Istanbul,17-18,8,NA
Rakim Sanders,Rakim,Kahry,Sanders,Rakim Sanders,1989-07-08,M,F,1.96,106,FC Barcelona Lassa,17-18,21,NA
Victor Claver,Victor,NA,Claver,Victor Claver,1988-08-30,M,F,2.08,106,FC Barcelona Lassa,17-18,30,NA
Mikhail Kulagin,Mikhail,NA,Kulagin,Mikhail Kulagin,1994-08-04,M,G,1.91,93,CSKA Moscow,17-18,30,NA
Trey Thompkins,Trey,NA,Thompkins,Trey Thompkins,1990-05-29,M,F,2.08,108,Real Madrid,17-18,33,NA
Davide Pascolo,Davide,NA,Pascolo,Davide Pascolo,1990-12-14,M,F,2.03,93,AX Armani Exchange Olimpia Milan,17-18,7,NA
Dee Bost,Dee,NA,Bost,Dee Bost,1989-10-12,M,G,1.88,80,Zalgiris Kaunas,17-18,1,NA
Dmitry Sokolov,Dmitry,NA,Sokolov,Dmitry Sokolov,1985-01-21,M,C,2.14,115,Khimki Moscow Region,17-18,10,NA
Walter Tavares,Walter,Samuel,Tavares,Walter Tavares,1992-03-22,M,C,2.2,125,Real Madrid,17-18,22,NA
Martynas Sajus,Martynas,NA,Sajus,Martynas Sajus,1996-02-22,M,C,2.08,112,Zalgiris Kaunas,17-18,19,NA
Egehan Arna,Egehan,NA,Arna,Egehan Arna,1997-01-05,M,F,2.03,92,Fenerbahce Dogus Istanbul,17-18,18,NA
Kyle Wiltjer,Kyle,Gregory,Wiltjer,Kyle Wiltjer,1992-10-20,M,F,2.08,103,Olympiacos Piraeus,17-18,33,NA
Curtis Jerrells,Curtis,Louis,Jerrells,Curtis Jerrells,1987-02-05,M,G,1.85,91,AX Armani Exchange Olimpia Milan,17-18,55,NA
Zoran Dragic,Zoran,NA,Dragic,Zoran Dragic,1989-06-22,M,F,1.96,90,Anadolu Efes Istanbul,17-18,30,NA
Miguel Gonzalez,Miguel,NA,Gonzalez,Miguel Gonzalez,1999-03-20,M,F,2.01,86,KIROLBET Baskonia Vitoria Gasteiz,17-18,5,NA
Ali Muhammed,Ali,NA,Muhammed,Ali Muhammed,1983-04-10,M,G,NA,NA,Fenerbahce Dogus Istanbul,17-18,35,NA
Anton Astapkovich,Anton,NA,Astapkovich,Anton Astapkovich,1994-01-29,M,F,2.02,98,CSKA Moscow,17-18,2,NA
Alexander Gavrilov,Alexander,NA,Gavrilov,Alexander Gavrilov,1996-04-10,M,G,1.95,88,CSKA Moscow,17-18,3,NA
Tyler Honeycutt,Tyler,Deon,Honeycutt,Tyler Honeycutt,1990-07-15,M,F,2.03,83,Khimki Moscow Region,17-18,2,NA
Kevin Jones,Kevin,Andrew,Jones,Kevin Jones,1989-08-25,M,C,2.03,113,KIROLBET Baskonia Vitoria Gasteiz,17-18,21,NA
William McDowell-White,William,NA,McDowell-White,William McDowell-White,1998-04-13,M,G,1.95,83,Brose Bamberg,17-18,24,NA
Pavel Korobkov,Pavel,NA,Korobkov,Pavel Korobkov,1990-10-18,M,F,2.06,103,CSKA Moscow,17-18,12,NA
Derrick Brown,Derrick,Paul,Brown,Derrick Brown,1987-09-08,M,F,2.03,103,Anadolu Efes Istanbul,17-18,5,NA
Vassilis Spanoulis,Vassilis,NA,Spanoulis,Vassilis Spanoulis,1982-08-07,M,G,NA,88,Olympiacos Piraeus,17-18,7,NA
Nikola Kalinic,Nikola,NA,Kalinic,Nikola Kalinic,1991-11-08,M,F,2.02,102,Fenerbahce Dogus Istanbul,17-18,33,NA
Dylan Ennis,Dylan,NA,Ennis,Dylan Ennis,1991-12-26,M,G,1.88,90,Crvena Zvezda mts Belgrade,17-18,31,NA
Georgios Kalaitzakis,Georgios,NA,Kalaitzakis,Georgios Kalaitzakis,1999-01-02,M,G,2.01,92,Panathinaikos Superfoods Athens,17-18,16,NA
Nikolaos Arsenopoulos,Nikolaos,NA,Arsenopoulos,Nikolaos Arsenopoulos,2000-05-19,M,G,1.95,91,Olympiacos Piraeus,17-18,19,NA
Konstantinos Mitoglou,Konstantinos,NA,Mitoglou,Konstantinos Mitoglou,1996-06-11,M,F,2.1,113,Panathinaikos Superfoods Athens,17-18,44,NA
Dejan Musli,Dejan,NA,Musli,Dejan Musli,1991-01-03,M,C,2.13,115,Brose Bamberg,17-18,42,NA
Beno Udrih,Beno,NA,Udrih,Beno Udrih,1982-07-05,M,G,1.91,92,Zalgiris Kaunas,17-18,9,NA
Mindaugas Kuzminskas,Mindaugas,NA,Kuzminskas,Mindaugas Kuzminskas,1989-10-19,M,F,2.05,103,AX Armani Exchange Olimpia Milan,17-18,19,NA
Sergi Garcia,Sergi,NA,Garcia,Sergi Garcia,1997-02-17,M,G,1.93,86,Valencia Basket,17-18,5,NA
Toney Douglas,Toney,Bernard,Douglas,Toney Douglas,1986-03-16,M,G,1.88,84,Anadolu Efes Istanbul,17-18,23,NA
Volodymyr Gerun,Volodymyr,NA,Gerun,Volodymyr Gerun,1994-03-25,M,C,2.08,NA,FC Barcelona Lassa,17-18,40,NA
Alen Omic,Alen,NA,Omic,Alen Omic,1992-05-06,M,C,2.16,122,Crvena Zvezda mts Belgrade,17-18,23,NA
Luis Ferrando,Luis,NA,Ferrando,Luis Ferrando,1996-04-23,M,G,1.85,87,Valencia Basket,17-18,13,NA
Edwin Jackson,Edwin,Pierre,Jackson,Edwin Jackson,1989-09-18,M,G,1.9,92,FC Barcelona Lassa,17-18,10,NA
Eddy Edigin,Eddy,Jnr,Edigin,Eddy Edigin,1995-10-17,M,C,2.03,115,Brose Bamberg,17-18,17,NA
Alexander Gankevich,Alexander,NA,Gankevich,Alexander Gankevich,1995-08-05,M,F,2.01,101,CSKA Moscow,17-18,10,NA
Ignacio Rosa,Ignacio,NA,Rosa,Ignacio Rosa,1999-07-01,M,F,2.01,97,Unicaja Malaga,17-18,8,NA
Victor Rudd,Victor,Dewayne,Rudd,Victor Rudd,1991-03-18,M,F,2.04,115,CSKA Moscow,17-18,3,NA
Ruslan Pateev,Ruslan,NA,Pateev,Ruslan Pateev,1990-04-25,M,C,2.13,114,Khimki Moscow Region,17-18,7,NA
Mike James,Mike,NA,James,Mike James,1990-08-18,M,G,1.85,90,Panathinaikos Superfoods Athens,17-18,5,NA
Adreian Payne,Adreian,De Angleo,Payne,Adreian Payne,1991-02-19,M,C,2.08,108,Panathinaikos Superfoods Athens,17-18,6,NA
Aleix Font,Aleix,NA,Font,Aleix Font,1998-03-11,M,F,1.95,81,FC Barcelona Lassa,17-18,31,NA
Atoumane Diagne,Atoumane,NA,Diagne,Atoumane Diagne,1998-12-31,M,C,2.15,100,FC Barcelona Lassa,17-18,32,NA
Latavious Williams,Latavious,Bernard,Williams,Latavious Williams,1989-03-29,M,C,2.03,104,Valencia Basket,17-18,22,NA
Sonny Weems,Sonny,NA,Weems,Sonny Weems,1986-07-08,M,F,1.98,93,Anadolu Efes Istanbul,17-18,13,NA
Bobby Brown,Bobby,NA,Brown,Bobby Brown,1984-09-24,M,G,1.88,80,Olympiacos Piraeus,17-18,3,NA
Timofey Yakushin,Timofey,NA,Yakushin,Timofey Yakushin,1997-01-16,M,G,1.94,94,Khimki Moscow Region,17-18,16,NA
Sergio Llull,Sergio,NA,Llull,Sergio Llull,1987-11-15,M,G,1.9,94,Real Madrid,17-18,23,NA
