team_id,franchise_id,season_id,conference,type,name,abbreviation,logo_url,color
CSKA Moscow,PBC CSKA Moscow,17-18,,M,CSKA Moscow,CSK,https://media-cdn.incrowdsports.com/b6a59212-7feb-4f8c-86c2-5e8f07625e3e.png,
AX Armani Exchange Olimpia Milan,Olimpia Milano,17-18,,M,AX Armani Exchange Olimpia Milan,AXM,https://media-cdn.incrowdsports.com/8154f184-c61a-4e7f-b14d-9d802e35cb95.png,#E1261D
Anadolu Efes Istanbul,Anadolu Efes S.K.,17-18,,M,Anadolu Efes Istanbul,EFS,https://media-cdn.incrowdsports.com/8ea8cec7-d8f7-45f4-a956-d976b5867610.png,#002D74
Real Madrid,Real Madrid Baloncesto,17-18,,M,Real Madrid,RMB,https://media-cdn.incrowdsports.com/1a3e1404-4f6f-4ede-9d8b-30eee7cb51b4.png,#004996
Olympiacos Piraeus,Olympiacos B.C.,17-18,,M,Olympiacos Piraeus,OLY,https://media-cdn.incrowdsports.com/789423ac-3cdf-4b89-b11c-b458aa5f59a6.png,#D1061F
KIROLBET Baskonia Vitoria Gasteiz,Saski Baskonia,17-18,,M,KIROLBET Baskonia Vitoria Gasteiz,BKN,https://media-cdn.incrowdsports.com/b2f93842-1291-49ed-ab35-79a5010c3abd.png,#0A2240
Brose Bamberg,Brose Bamberg,17-18,,M,Brose Bamberg,BRO,https://media-cdn.incrowdsports.com/85cdd43a-2bbd-4f73-b8f7-76288a5193cb.png,
Maccabi FOX Tel Aviv,Maccabi Tel Aviv B.C.,17-18,,M,Maccabi FOX Tel Aviv,MTA,https://media-cdn.incrowdsports.com/5c55ef14-29df-4328-bd52-a7a64c432350.png,#FFF100
Unicaja Malaga,Baloncesto Málaga,17-18,,M,Unicaja Malaga,UNI,https://media-cdn.incrowdsports.com/6342214b-684b-421f-8960-5d20354458da.png,
Fenerbahce Dogus Istanbul,Fenerbahçe S.K. (basketball),17-18,,M,Fenerbahce Dogus Istanbul,FBD,https://media-cdn.incrowdsports.com/0233ebbb-f3a2-49ea-837c-7fd3e661e672.png,#FFED00
Khimki Moscow Region,BC Khimki,17-18,,M,Khimki Moscow Region,KHI,https://media-cdn.incrowdsports.com/04bd9ac1-e8ed-4b35-8878-272596e5c7d6.png,
Valencia Basket,Valencia Basket,17-18,,M,Valencia Basket,VBC,https://media-cdn.incrowdsports.com/efd12730-f2ea-4830-9caa-7f2f676079c2.png,#FF6C0E
Zalgiris Kaunas,BC Žalgiris,17-18,,M,Zalgiris Kaunas,ZAL,https://media-cdn.incrowdsports.com/1f04fd8a-1fd4-43f9-b507-06c09a1a3a5d.png,#0C6F3E
Crvena Zvezda mts Belgrade,KK Crvena zvezda,17-18,,M,Crvena Zvezda mts Belgrade,CZV,https://media-cdn.incrowdsports.com/d2eef4a8-62df-4fdd-9076-276004268515.png,#E91D26
FC Barcelona Lassa,FC Barcelona Bàsquet,17-18,,M,FC Barcelona Lassa,FCB,https://media-cdn.incrowdsports.com/35dfa503-e417-481f-963a-bdf6f013763e.png,#023485
Panathinaikos Superfoods Athens,Panathinaikos B.C.,17-18,,M,Panathinaikos Superfoods Athens,PAO,https://media-cdn.incrowdsports.com/696724ea-a92f-456e-8572-aca4ce0ff025.png,#007135
