season_id,edition_id,game_id,website_id,date,type,phase,round,status,home_team_id,away_team_id,home_score,away_score,number_of_overtimes
18-19,18-19 EL,2018-10-11:CSKA Moscow-FC Barcelona Lassa,E2018:2,2018-10-11 19:00:00,RS,RS,1,played,CSKA Moscow,FC Barcelona Lassa,95,75,0
18-19,18-19 EL,2018-10-11:Panathinaikos OPAP Athens-Maccabi FOX Tel Aviv,E2018:3,2018-10-11 20:00:00,RS,RS,1,played,Panathinaikos OPAP Athens,Maccabi FOX Tel Aviv,89,84,0
18-19,18-19 EL,2018-10-11:FC Bayern Munich-Anadolu Efes Istanbul,E2018:8,2018-10-11 20:30:00,RS,RS,1,played,FC Bayern Munich,Anadolu Efes Istanbul,71,90,0
18-19,18-19 EL,2018-10-11:Real Madrid-Darussafaka Tekfen Istanbul,E2018:4,2018-10-11 21:00:00,RS,RS,1,played,Real Madrid,Darussafaka Tekfen Istanbul,109,93,0
18-19,18-19 EL,2018-10-12:Buducnost VOLI Podgorica-AX Armani Exchange Olimpia Milan,E2018:1,2018-10-12 18:45:00,RS,RS,1,played,Buducnost VOLI Podgorica,AX Armani Exchange Olimpia Milan,71,82,0
18-19,18-19 EL,2018-10-12:Khimki Moscow Region-Olympiacos Piraeus,E2018:5,2018-10-12 19:00:00,RS,RS,1,played,Khimki Moscow Region,Olympiacos Piraeus,66,87,0
18-19,18-19 EL,2018-10-12:Zalgiris Kaunas-KIROLBET Baskonia Vitoria-Gasteiz,E2018:6,2018-10-12 19:00:00,RS,RS,1,played,Zalgiris Kaunas,KIROLBET Baskonia Vitoria-Gasteiz,79,87,0
18-19,18-19 EL,2018-10-12:Fenerbahce Beko Istanbul-Herbalife Gran Canaria,E2018:7,2018-10-12 19:45:00,RS,RS,1,played,Fenerbahce Beko Istanbul,Herbalife Gran Canaria,97,72,0
18-19,18-19 EL,2018-10-16:Darussafaka Tekfen Istanbul-Buducnost VOLI Podgorica,E2018:9,2018-10-16 19:15:00,RS,RS,2,played,Darussafaka Tekfen Istanbul,Buducnost VOLI Podgorica,71,63,0
18-19,18-19 EL,2018-10-16:Maccabi FOX Tel Aviv-CSKA Moscow,E2018:10,2018-10-16 20:05:00,RS,RS,2,played,Maccabi FOX Tel Aviv,CSKA Moscow,86,89,0
18-19,18-19 EL,2018-10-16:FC Bayern Munich-Panathinaikos OPAP Athens,E2018:11,2018-10-16 20:30:00,RS,RS,2,played,FC Bayern Munich,Panathinaikos OPAP Athens,80,79,0
18-19,18-19 EL,2018-10-16:Herbalife Gran Canaria-FC Barcelona Lassa,E2018:12,2018-10-16 21:00:00,RS,RS,2,played,Herbalife Gran Canaria,FC Barcelona Lassa,87,86,0
18-19,18-19 EL,2018-10-17:Anadolu Efes Istanbul-Zalgiris Kaunas,E2018:13,2018-10-17 19:00:00,RS,RS,2,played,Anadolu Efes Istanbul,Zalgiris Kaunas,79,93,0
18-19,18-19 EL,2018-10-17:Fenerbahce Beko Istanbul-Khimki Moscow Region,E2018:14,2018-10-17 19:45:00,RS,RS,2,played,Fenerbahce Beko Istanbul,Khimki Moscow Region,93,85,0
18-19,18-19 EL,2018-10-17:AX Armani Exchange Olimpia Milan-Real Madrid,E2018:15,2018-10-17 20:45:00,RS,RS,2,played,AX Armani Exchange Olimpia Milan,Real Madrid,85,91,0
18-19,18-19 EL,2018-10-17:KIROLBET Baskonia Vitoria-Gasteiz-Olympiacos Piraeus,E2018:16,2018-10-17 20:45:00,RS,RS,2,played,KIROLBET Baskonia Vitoria-Gasteiz,Olympiacos Piraeus,80,85,0
18-19,18-19 EL,2018-10-18:CSKA Moscow-Darussafaka Tekfen Istanbul,E2018:18,2018-10-18 19:00:00,RS,RS,3,played,CSKA Moscow,Darussafaka Tekfen Istanbul,79,75,0
18-19,18-19 EL,2018-10-18:Buducnost VOLI Podgorica-Maccabi FOX Tel Aviv,E2018:17,2018-10-18 20:00:00,RS,RS,3,played,Buducnost VOLI Podgorica,Maccabi FOX Tel Aviv,68,78,0
18-19,18-19 EL,2018-10-18:Panathinaikos OPAP Athens-Herbalife Gran Canaria,E2018:19,2018-10-18 20:00:00,RS,RS,3,played,Panathinaikos OPAP Athens,Herbalife Gran Canaria,102,87,0
18-19,18-19 EL,2018-10-18:FC Barcelona Lassa-FC Bayern Munich,E2018:20,2018-10-18 21:00:00,RS,RS,3,played,FC Barcelona Lassa,FC Bayern Munich,83,73,0
18-19,18-19 EL,2018-10-19:Khimki Moscow Region-Anadolu Efes Istanbul,E2018:21,2018-10-19 19:00:00,RS,RS,3,played,Khimki Moscow Region,Anadolu Efes Istanbul,84,85,0
18-19,18-19 EL,2018-10-19:Zalgiris Kaunas-Fenerbahce Beko Istanbul,E2018:22,2018-10-19 19:45:00,RS,RS,3,played,Zalgiris Kaunas,Fenerbahce Beko Istanbul,75,82,0
18-19,18-19 EL,2018-10-19:Olympiacos Piraeus-AX Armani Exchange Olimpia Milan,E2018:23,2018-10-19 20:00:00,RS,RS,3,played,Olympiacos Piraeus,AX Armani Exchange Olimpia Milan,75,99,0
18-19,18-19 EL,2018-10-19:Real Madrid-KIROLBET Baskonia Vitoria-Gasteiz,E2018:24,2018-10-19 21:00:00,RS,RS,3,played,Real Madrid,KIROLBET Baskonia Vitoria-Gasteiz,97,79,0
18-19,18-19 EL,2018-10-25:Anadolu Efes Istanbul-Fenerbahce Beko Istanbul,E2018:25,2018-10-25 19:30:00,RS,RS,4,played,Anadolu Efes Istanbul,Fenerbahce Beko Istanbul,89,83,0
18-19,18-19 EL,2018-10-25:FC Bayern Munich-KIROLBET Baskonia Vitoria-Gasteiz,E2018:31,2018-10-25 20:00:00,RS,RS,4,played,FC Bayern Munich,KIROLBET Baskonia Vitoria-Gasteiz,77,71,0
18-19,18-19 EL,2018-10-25:AX Armani Exchange Olimpia Milan-Khimki Moscow Region,E2018:27,2018-10-25 20:45:00,RS,RS,4,played,AX Armani Exchange Olimpia Milan,Khimki Moscow Region,81,80,0
18-19,18-19 EL,2018-10-25:Real Madrid-Buducnost VOLI Podgorica,E2018:28,2018-10-25 21:00:00,RS,RS,4,played,Real Madrid,Buducnost VOLI Podgorica,89,55,0
18-19,18-19 EL,2018-10-25:Olympiacos Piraeus-Maccabi FOX Tel Aviv,E2018:26,2018-10-25 21:00:00,RS,RS,4,played,Olympiacos Piraeus,Maccabi FOX Tel Aviv,88,80,0
18-19,18-19 EL,2018-10-26:Darussafaka Tekfen Istanbul-FC Barcelona Lassa,E2018:29,2018-10-26 19:15:00,RS,RS,4,played,Darussafaka Tekfen Istanbul,FC Barcelona Lassa,71,79,0
18-19,18-19 EL,2018-10-26:Panathinaikos OPAP Athens-Zalgiris Kaunas,E2018:30,2018-10-26 20:00:00,RS,RS,4,played,Panathinaikos OPAP Athens,Zalgiris Kaunas,83,87,1
18-19,18-19 EL,2018-10-26:Herbalife Gran Canaria-CSKA Moscow,E2018:32,2018-10-26 21:30:00,RS,RS,4,played,Herbalife Gran Canaria,CSKA Moscow,91,106,0
18-19,18-19 EL,2018-11-01:CSKA Moscow-Olympiacos Piraeus,E2018:33,2018-11-01 18:00:00,RS,RS,5,played,CSKA Moscow,Olympiacos Piraeus,69,65,0
18-19,18-19 EL,2018-11-01:KIROLBET Baskonia Vitoria-Gasteiz-Darussafaka Tekfen Istanbul,E2018:39,2018-11-01 18:30:00,RS,RS,5,played,KIROLBET Baskonia Vitoria-Gasteiz,Darussafaka Tekfen Istanbul,82,56,0
18-19,18-19 EL,2018-11-01:Fenerbahce Beko Istanbul-FC Bayern Munich,E2018:34,2018-11-01 18:45:00,RS,RS,5,played,Fenerbahce Beko Istanbul,FC Bayern Munich,88,84,0
18-19,18-19 EL,2018-11-01:FC Barcelona Lassa-Maccabi FOX Tel Aviv,E2018:35,2018-11-01 21:00:00,RS,RS,5,played,FC Barcelona Lassa,Maccabi FOX Tel Aviv,74,58,0
18-19,18-19 EL,2018-11-02:Khimki Moscow Region-Herbalife Gran Canaria,E2018:36,2018-11-02 18:00:00,RS,RS,5,played,Khimki Moscow Region,Herbalife Gran Canaria,87,72,0
18-19,18-19 EL,2018-11-02:Buducnost VOLI Podgorica-Panathinaikos OPAP Athens,E2018:37,2018-11-02 19:00:00,RS,RS,5,played,Buducnost VOLI Podgorica,Panathinaikos OPAP Athens,67,72,0
18-19,18-19 EL,2018-11-02:Zalgiris Kaunas-Real Madrid,E2018:38,2018-11-02 19:00:00,RS,RS,5,played,Zalgiris Kaunas,Real Madrid,79,90,0
18-19,18-19 EL,2018-11-02:AX Armani Exchange Olimpia Milan-Anadolu Efes Istanbul,E2018:40,2018-11-02 20:45:00,RS,RS,5,played,AX Armani Exchange Olimpia Milan,Anadolu Efes Istanbul,81,80,0
18-19,18-19 EL,2018-11-08:FC Bayern Munich-Darussafaka Tekfen Istanbul,E2018:41,2018-11-08 20:00:00,RS,RS,6,played,FC Bayern Munich,Darussafaka Tekfen Istanbul,116,70,0
18-19,18-19 EL,2018-11-08:Maccabi FOX Tel Aviv-Real Madrid,E2018:42,2018-11-08 20:05:00,RS,RS,6,played,Maccabi FOX Tel Aviv,Real Madrid,66,87,0
18-19,18-19 EL,2018-11-08:AX Armani Exchange Olimpia Milan-CSKA Moscow,E2018:43,2018-11-08 20:45:00,RS,RS,6,played,AX Armani Exchange Olimpia Milan,CSKA Moscow,85,90,0
18-19,18-19 EL,2018-11-08:Herbalife Gran Canaria-Anadolu Efes Istanbul,E2018:44,2018-11-08 21:45:00,RS,RS,6,played,Herbalife Gran Canaria,Anadolu Efes Istanbul,90,94,0
18-19,18-19 EL,2018-11-09:Khimki Moscow Region-FC Barcelona Lassa,E2018:45,2018-11-09 18:00:00,RS,RS,6,played,Khimki Moscow Region,FC Barcelona Lassa,80,87,0
18-19,18-19 EL,2018-11-09:Buducnost VOLI Podgorica-Zalgiris Kaunas,E2018:46,2018-11-09 19:00:00,RS,RS,6,played,Buducnost VOLI Podgorica,Zalgiris Kaunas,60,72,0
18-19,18-19 EL,2018-11-09:Panathinaikos OPAP Athens-Olympiacos Piraeus,E2018:47,2018-11-09 20:00:00,RS,RS,6,played,Panathinaikos OPAP Athens,Olympiacos Piraeus,93,80,0
18-19,18-19 EL,2018-11-09:KIROLBET Baskonia Vitoria-Gasteiz-Fenerbahce Beko Istanbul,E2018:48,2018-11-09 20:30:00,RS,RS,6,played,KIROLBET Baskonia Vitoria-Gasteiz,Fenerbahce Beko Istanbul,72,74,0
18-19,18-19 EL,2018-11-15:Darussafaka Tekfen Istanbul-AX Armani Exchange Olimpia Milan,E2018:49,2018-11-15 18:15:00,RS,RS,7,played,Darussafaka Tekfen Istanbul,AX Armani Exchange Olimpia Milan,92,98,0
18-19,18-19 EL,2018-11-15:Buducnost VOLI Podgorica-KIROLBET Baskonia Vitoria-Gasteiz,E2018:50,2018-11-15 19:00:00,RS,RS,7,played,Buducnost VOLI Podgorica,KIROLBET Baskonia Vitoria-Gasteiz,99,84,0
18-19,18-19 EL,2018-11-15:Olympiacos Piraeus-Fenerbahce Beko Istanbul,E2018:51,2018-11-15 20:00:00,RS,RS,7,played,Olympiacos Piraeus,Fenerbahce Beko Istanbul,72,73,0
18-19,18-19 EL,2018-11-15:Real Madrid-Khimki Moscow Region,E2018:53,2018-11-15 21:00:00,RS,RS,7,played,Real Madrid,Khimki Moscow Region,79,74,0
18-19,18-19 EL,2018-11-16:Anadolu Efes Istanbul-Panathinaikos OPAP Athens,E2018:54,2018-11-16 18:30:00,RS,RS,7,played,Anadolu Efes Istanbul,Panathinaikos OPAP Athens,78,62,0
18-19,18-19 EL,2018-11-16:Zalgiris Kaunas-FC Barcelona Lassa,E2018:55,2018-11-16 19:00:00,RS,RS,7,played,Zalgiris Kaunas,FC Barcelona Lassa,85,88,1
18-19,18-19 EL,2018-11-16:FC Bayern Munich-CSKA Moscow,E2018:52,2018-11-16 20:30:00,RS,RS,7,played,FC Bayern Munich,CSKA Moscow,79,93,0
18-19,18-19 EL,2018-11-16:Herbalife Gran Canaria-Maccabi FOX Tel Aviv,E2018:56,2018-11-16 21:00:00,RS,RS,7,played,Herbalife Gran Canaria,Maccabi FOX Tel Aviv,84,78,0
18-19,18-19 EL,2018-11-20:Anadolu Efes Istanbul-Maccabi FOX Tel Aviv,E2018:57,2018-11-20 18:00:00,RS,RS,8,played,Anadolu Efes Istanbul,Maccabi FOX Tel Aviv,90,77,0
18-19,18-19 EL,2018-11-20:Fenerbahce Beko Istanbul-Darussafaka Tekfen Istanbul,E2018:58,2018-11-20 19:00:00,RS,RS,8,played,Fenerbahce Beko Istanbul,Darussafaka Tekfen Istanbul,100,79,0
18-19,18-19 EL,2018-11-20:FC Bayern Munich-Olympiacos Piraeus,E2018:59,2018-11-20 20:30:00,RS,RS,8,played,FC Bayern Munich,Olympiacos Piraeus,62,72,0
18-19,18-19 EL,2018-11-20:Real Madrid-Herbalife Gran Canaria,E2018:60,2018-11-20 21:00:00,RS,RS,8,played,Real Madrid,Herbalife Gran Canaria,89,76,0
18-19,18-19 EL,2018-11-21:Khimki Moscow Region-Buducnost VOLI Podgorica,E2018:61,2018-11-21 18:00:00,RS,RS,8,played,Khimki Moscow Region,Buducnost VOLI Podgorica,85,69,0
18-19,18-19 EL,2018-11-21:CSKA Moscow-Zalgiris Kaunas,E2018:62,2018-11-21 18:45:00,RS,RS,8,played,CSKA Moscow,Zalgiris Kaunas,99,97,1
18-19,18-19 EL,2018-11-21:Panathinaikos OPAP Athens-FC Barcelona Lassa,E2018:63,2018-11-21 20:00:00,RS,RS,8,played,Panathinaikos OPAP Athens,FC Barcelona Lassa,76,70,0
18-19,18-19 EL,2018-11-21:AX Armani Exchange Olimpia Milan-KIROLBET Baskonia Vitoria-Gasteiz,E2018:64,2018-11-21 20:45:00,RS,RS,8,played,AX Armani Exchange Olimpia Milan,KIROLBET Baskonia Vitoria-Gasteiz,93,90,0
18-19,18-19 EL,2018-11-22:Darussafaka Tekfen Istanbul-Anadolu Efes Istanbul,E2018:65,2018-11-22 18:15:00,RS,RS,9,played,Darussafaka Tekfen Istanbul,Anadolu Efes Istanbul,88,93,0
18-19,18-19 EL,2018-11-22:Olympiacos Piraeus-Real Madrid,E2018:66,2018-11-22 19:45:00,RS,RS,9,played,Olympiacos Piraeus,Real Madrid,88,83,0
18-19,18-19 EL,2018-11-22:Maccabi FOX Tel Aviv-Fenerbahce Beko Istanbul,E2018:67,2018-11-22 20:05:00,RS,RS,9,played,Maccabi FOX Tel Aviv,Fenerbahce Beko Istanbul,70,74,0
18-19,18-19 EL,2018-11-22:Herbalife Gran Canaria-FC Bayern Munich,E2018:68,2018-11-22 21:30:00,RS,RS,9,played,Herbalife Gran Canaria,FC Bayern Munich,74,89,0
18-19,18-19 EL,2018-11-23:Zalgiris Kaunas-Khimki Moscow Region,E2018:69,2018-11-23 18:45:00,RS,RS,9,played,Zalgiris Kaunas,Khimki Moscow Region,83,84,0
18-19,18-19 EL,2018-11-23:KIROLBET Baskonia Vitoria-Gasteiz-Panathinaikos OPAP Athens,E2018:70,2018-11-23 20:30:00,RS,RS,9,played,KIROLBET Baskonia Vitoria-Gasteiz,Panathinaikos OPAP Athens,86,77,0
18-19,18-19 EL,2018-11-23:Buducnost VOLI Podgorica-CSKA Moscow,E2018:71,2018-11-23 20:30:00,RS,RS,9,played,Buducnost VOLI Podgorica,CSKA Moscow,93,92,0
18-19,18-19 EL,2018-11-23:FC Barcelona Lassa-AX Armani Exchange Olimpia Milan,E2018:72,2018-11-23 21:00:00,RS,RS,9,played,FC Barcelona Lassa,AX Armani Exchange Olimpia Milan,90,80,0
18-19,18-19 EL,2018-11-29:Darussafaka Tekfen Istanbul-Herbalife Gran Canaria,E2018:73,2018-11-29 18:15:00,RS,RS,10,played,Darussafaka Tekfen Istanbul,Herbalife Gran Canaria,71,75,0
18-19,18-19 EL,2018-11-29:Zalgiris Kaunas-AX Armani Exchange Olimpia Milan,E2018:74,2018-11-29 19:00:00,RS,RS,10,played,Zalgiris Kaunas,AX Armani Exchange Olimpia Milan,83,78,0
18-19,18-19 EL,2018-11-29:Maccabi FOX Tel Aviv-FC Bayern Munich,E2018:76,2018-11-29 20:05:00,RS,RS,10,played,Maccabi FOX Tel Aviv,FC Bayern Munich,95,71,0
18-19,18-19 EL,2018-11-29:Real Madrid-CSKA Moscow,E2018:77,2018-11-29 21:00:00,RS,RS,10,played,Real Madrid,CSKA Moscow,88,93,0
18-19,18-19 EL,2018-11-30:Khimki Moscow Region-Panathinaikos OPAP Athens,E2018:78,2018-11-30 18:00:00,RS,RS,10,played,Khimki Moscow Region,Panathinaikos OPAP Athens,76,68,0
18-19,18-19 EL,2018-11-30:Anadolu Efes Istanbul-KIROLBET Baskonia Vitoria-Gasteiz,E2018:79,2018-11-30 18:30:00,RS,RS,10,played,Anadolu Efes Istanbul,KIROLBET Baskonia Vitoria-Gasteiz,96,85,0
18-19,18-19 EL,2018-11-30:Olympiacos Piraeus-Buducnost VOLI Podgorica,E2018:75,2018-11-30 20:30:00,RS,RS,10,played,Olympiacos Piraeus,Buducnost VOLI Podgorica,92,70,0
18-19,18-19 EL,2018-11-30:FC Barcelona Lassa-Fenerbahce Beko Istanbul,E2018:80,2018-11-30 21:00:00,RS,RS,10,played,FC Barcelona Lassa,Fenerbahce Beko Istanbul,65,84,0
18-19,18-19 EL,2018-12-06:Zalgiris Kaunas-Olympiacos Piraeus,E2018:83,2018-12-06 19:00:00,RS,RS,11,played,Zalgiris Kaunas,Olympiacos Piraeus,83,75,0
18-19,18-19 EL,2018-12-06:Buducnost VOLI Podgorica-FC Barcelona Lassa,E2018:82,2018-12-06 19:00:00,RS,RS,11,played,Buducnost VOLI Podgorica,FC Barcelona Lassa,67,64,0
18-19,18-19 EL,2018-12-06:Darussafaka Tekfen Istanbul-Maccabi FOX Tel Aviv,E2018:81,2018-12-06 19:00:00,RS,RS,11,played,Darussafaka Tekfen Istanbul,Maccabi FOX Tel Aviv,71,73,0
18-19,18-19 EL,2018-12-06:FC Bayern Munich-Khimki Moscow Region,E2018:84,2018-12-06 20:30:00,RS,RS,11,played,FC Bayern Munich,Khimki Moscow Region,72,65,0
18-19,18-19 EL,2018-12-06:AX Armani Exchange Olimpia Milan-Herbalife Gran Canaria,E2018:85,2018-12-06 20:45:00,RS,RS,11,played,AX Armani Exchange Olimpia Milan,Herbalife Gran Canaria,86,94,0
18-19,18-19 EL,2018-12-07:Anadolu Efes Istanbul-Real Madrid,E2018:86,2018-12-07 18:30:00,RS,RS,11,played,Anadolu Efes Istanbul,Real Madrid,82,84,0
18-19,18-19 EL,2018-12-07:KIROLBET Baskonia Vitoria-Gasteiz-CSKA Moscow,E2018:87,2018-12-07 20:30:00,RS,RS,11,played,KIROLBET Baskonia Vitoria-Gasteiz,CSKA Moscow,76,73,0
18-19,18-19 EL,2018-12-07:Panathinaikos OPAP Athens-Fenerbahce Beko Istanbul,E2018:88,2018-12-07 20:30:00,RS,RS,11,played,Panathinaikos OPAP Athens,Fenerbahce Beko Istanbul,69,81,0
18-19,18-19 EL,2018-12-13:Olympiacos Piraeus-Anadolu Efes Istanbul,E2018:91,2018-12-13 17:45:00,RS,RS,12,played,Olympiacos Piraeus,Anadolu Efes Istanbul,88,81,0
18-19,18-19 EL,2018-12-13:CSKA Moscow-Khimki Moscow Region,E2018:89,2018-12-13 18:00:00,RS,RS,12,played,CSKA Moscow,Khimki Moscow Region,88,74,0
18-19,18-19 EL,2018-12-13:Fenerbahce Beko Istanbul-AX Armani Exchange Olimpia Milan,E2018:90,2018-12-13 19:30:00,RS,RS,12,played,Fenerbahce Beko Istanbul,AX Armani Exchange Olimpia Milan,92,85,0
18-19,18-19 EL,2018-12-13:Maccabi FOX Tel Aviv-KIROLBET Baskonia Vitoria-Gasteiz,E2018:92,2018-12-13 20:05:00,RS,RS,12,played,Maccabi FOX Tel Aviv,KIROLBET Baskonia Vitoria-Gasteiz,79,81,0
18-19,18-19 EL,2018-12-13:Real Madrid-FC Barcelona Lassa,E2018:93,2018-12-13 21:00:00,RS,RS,12,played,Real Madrid,FC Barcelona Lassa,92,65,0
18-19,18-19 EL,2018-12-14:Panathinaikos OPAP Athens-Darussafaka Tekfen Istanbul,E2018:95,2018-12-14 20:30:00,RS,RS,12,played,Panathinaikos OPAP Athens,Darussafaka Tekfen Istanbul,75,67,0
18-19,18-19 EL,2018-12-14:FC Bayern Munich-Zalgiris Kaunas,E2018:94,2018-12-14 20:30:00,RS,RS,12,played,FC Bayern Munich,Zalgiris Kaunas,88,84,0
18-19,18-19 EL,2018-12-14:Herbalife Gran Canaria-Buducnost VOLI Podgorica,E2018:96,2018-12-14 21:00:00,RS,RS,12,played,Herbalife Gran Canaria,Buducnost VOLI Podgorica,95,85,0
18-19,18-19 EL,2018-12-18:Anadolu Efes Istanbul-Buducnost VOLI Podgorica,E2018:97,2018-12-18 18:00:00,RS,RS,13,played,Anadolu Efes Istanbul,Buducnost VOLI Podgorica,106,68,0
18-19,18-19 EL,2018-12-18:Fenerbahce Beko Istanbul-CSKA Moscow,E2018:98,2018-12-18 18:45:00,RS,RS,13,played,Fenerbahce Beko Istanbul,CSKA Moscow,79,75,0
18-19,18-19 EL,2018-12-18:FC Barcelona Lassa-Olympiacos Piraeus,E2018:99,2018-12-18 20:45:00,RS,RS,13,played,FC Barcelona Lassa,Olympiacos Piraeus,60,69,0
18-19,18-19 EL,2018-12-18:Herbalife Gran Canaria-KIROLBET Baskonia Vitoria-Gasteiz,E2018:100,2018-12-18 21:30:00,RS,RS,13,played,Herbalife Gran Canaria,KIROLBET Baskonia Vitoria-Gasteiz,71,84,0
18-19,18-19 EL,2018-12-19:Darussafaka Tekfen Istanbul-Zalgiris Kaunas,E2018:101,2018-12-19 18:15:00,RS,RS,13,played,Darussafaka Tekfen Istanbul,Zalgiris Kaunas,71,75,0
18-19,18-19 EL,2018-12-19:Maccabi FOX Tel Aviv-Khimki Moscow Region,E2018:102,2018-12-19 20:05:00,RS,RS,13,played,Maccabi FOX Tel Aviv,Khimki Moscow Region,79,63,0
18-19,18-19 EL,2018-12-19:AX Armani Exchange Olimpia Milan-FC Bayern Munich,E2018:103,2018-12-19 20:45:00,RS,RS,13,played,AX Armani Exchange Olimpia Milan,FC Bayern Munich,78,80,0
18-19,18-19 EL,2018-12-19:Real Madrid-Panathinaikos OPAP Athens,E2018:104,2018-12-19 21:00:00,RS,RS,13,played,Real Madrid,Panathinaikos OPAP Athens,89,68,0
18-19,18-19 EL,2018-12-20:CSKA Moscow-Anadolu Efes Istanbul,E2018:105,2018-12-20 18:00:00,RS,RS,14,played,CSKA Moscow,Anadolu Efes Istanbul,102,84,0
18-19,18-19 EL,2018-12-20:Buducnost VOLI Podgorica-Fenerbahce Beko Istanbul,E2018:106,2018-12-20 20:00:00,RS,RS,14,played,Buducnost VOLI Podgorica,Fenerbahce Beko Istanbul,65,89,0
18-19,18-19 EL,2018-12-20:Olympiacos Piraeus-Herbalife Gran Canaria,E2018:107,2018-12-20 20:00:00,RS,RS,14,played,Olympiacos Piraeus,Herbalife Gran Canaria,98,77,0
18-19,18-19 EL,2018-12-20:KIROLBET Baskonia Vitoria-Gasteiz-FC Barcelona Lassa,E2018:108,2018-12-20 21:00:00,RS,RS,14,played,KIROLBET Baskonia Vitoria-Gasteiz,FC Barcelona Lassa,70,77,0
18-19,18-19 EL,2018-12-21:Khimki Moscow Region-Darussafaka Tekfen Istanbul,E2018:109,2018-12-21 18:00:00,RS,RS,14,played,Khimki Moscow Region,Darussafaka Tekfen Istanbul,85,84,0
18-19,18-19 EL,2018-12-21:Zalgiris Kaunas-Maccabi FOX Tel Aviv,E2018:110,2018-12-21 19:00:00,RS,RS,14,played,Zalgiris Kaunas,Maccabi FOX Tel Aviv,80,73,0
18-19,18-19 EL,2018-12-21:FC Bayern Munich-Real Madrid,E2018:112,2018-12-21 20:00:00,RS,RS,14,played,FC Bayern Munich,Real Madrid,72,82,0
18-19,18-19 EL,2018-12-21:Panathinaikos OPAP Athens-AX Armani Exchange Olimpia Milan,E2018:111,2018-12-21 20:00:00,RS,RS,14,played,Panathinaikos OPAP Athens,AX Armani Exchange Olimpia Milan,83,86,0
18-19,18-19 EL,2018-12-27:Khimki Moscow Region-KIROLBET Baskonia Vitoria-Gasteiz,E2018:113,2018-12-27 18:00:00,RS,RS,15,played,Khimki Moscow Region,KIROLBET Baskonia Vitoria-Gasteiz,77,85,0
18-19,18-19 EL,2018-12-27:Darussafaka Tekfen Istanbul-Olympiacos Piraeus,E2018:114,2018-12-27 18:15:00,RS,RS,15,played,Darussafaka Tekfen Istanbul,Olympiacos Piraeus,79,75,0
18-19,18-19 EL,2018-12-27:Maccabi FOX Tel Aviv-AX Armani Exchange Olimpia Milan,E2018:115,2018-12-27 20:05:00,RS,RS,15,played,Maccabi FOX Tel Aviv,AX Armani Exchange Olimpia Milan,94,92,0
18-19,18-19 EL,2018-12-27:FC Barcelona Lassa-Anadolu Efes Istanbul,E2018:116,2018-12-27 21:00:00,RS,RS,15,played,FC Barcelona Lassa,Anadolu Efes Istanbul,80,65,0
18-19,18-19 EL,2018-12-28:Fenerbahce Beko Istanbul-Real Madrid,E2018:117,2018-12-28 18:30:00,RS,RS,15,played,Fenerbahce Beko Istanbul,Real Madrid,65,63,0
18-19,18-19 EL,2018-12-28:Panathinaikos OPAP Athens-CSKA Moscow,E2018:118,2018-12-28 20:00:00,RS,RS,15,played,Panathinaikos OPAP Athens,CSKA Moscow,96,84,0
18-19,18-19 EL,2018-12-28:FC Bayern Munich-Buducnost VOLI Podgorica,E2018:119,2018-12-28 20:30:00,RS,RS,15,played,FC Bayern Munich,Buducnost VOLI Podgorica,93,88,0
18-19,18-19 EL,2018-12-28:Herbalife Gran Canaria-Zalgiris Kaunas,E2018:120,2018-12-28 21:00:00,RS,RS,15,played,Herbalife Gran Canaria,Zalgiris Kaunas,73,66,0
18-19,18-19 EL,2019-01-03:Anadolu Efes Istanbul-FC Bayern Munich,E2018:121,2019-01-03 18:30:00,RS,RS,16,played,Anadolu Efes Istanbul,FC Bayern Munich,92,77,0
18-19,18-19 EL,2019-01-03:Real Madrid-Maccabi FOX Tel Aviv,E2018:123,2019-01-03 20:45:00,RS,RS,16,played,Real Madrid,Maccabi FOX Tel Aviv,91,79,0
18-19,18-19 EL,2019-01-03:AX Armani Exchange Olimpia Milan-Buducnost VOLI Podgorica,E2018:122,2019-01-03 20:45:00,RS,RS,16,played,AX Armani Exchange Olimpia Milan,Buducnost VOLI Podgorica,111,94,0
18-19,18-19 EL,2019-01-03:Herbalife Gran Canaria-Khimki Moscow Region,E2018:124,2019-01-03 21:30:00,RS,RS,16,played,Herbalife Gran Canaria,Khimki Moscow Region,70,99,0
18-19,18-19 EL,2019-01-04:Fenerbahce Beko Istanbul-KIROLBET Baskonia Vitoria-Gasteiz,E2018:125,2019-01-04 18:45:00,RS,RS,16,played,Fenerbahce Beko Istanbul,KIROLBET Baskonia Vitoria-Gasteiz,96,87,0
18-19,18-19 EL,2019-01-04:Zalgiris Kaunas-CSKA Moscow,E2018:126,2019-01-04 19:00:00,RS,RS,16,played,Zalgiris Kaunas,CSKA Moscow,79,84,0
18-19,18-19 EL,2019-01-04:Olympiacos Piraeus-Panathinaikos OPAP Athens,E2018:127,2019-01-04 20:00:00,RS,RS,16,played,Olympiacos Piraeus,Panathinaikos OPAP Athens,79,65,0
18-19,18-19 EL,2019-01-04:FC Barcelona Lassa-Darussafaka Tekfen Istanbul,E2018:128,2019-01-04 21:00:00,RS,RS,16,played,FC Barcelona Lassa,Darussafaka Tekfen Istanbul,97,65,0
18-19,18-19 EL,2019-01-08:Khimki Moscow Region-Fenerbahce Beko Istanbul,E2018:129,2019-01-08 18:00:00,RS,RS,17,played,Khimki Moscow Region,Fenerbahce Beko Istanbul,84,78,1
18-19,18-19 EL,2019-01-08:Zalgiris Kaunas-Anadolu Efes Istanbul,E2018:130,2019-01-08 19:30:00,RS,RS,17,played,Zalgiris Kaunas,Anadolu Efes Istanbul,58,79,0
18-19,18-19 EL,2019-01-08:Olympiacos Piraeus-KIROLBET Baskonia Vitoria-Gasteiz,E2018:131,2019-01-08 20:00:00,RS,RS,17,played,Olympiacos Piraeus,KIROLBET Baskonia Vitoria-Gasteiz,91,87,1
18-19,18-19 EL,2019-01-08:Herbalife Gran Canaria-Real Madrid,E2018:132,2019-01-08 21:30:00,RS,RS,17,played,Herbalife Gran Canaria,Real Madrid,67,75,0
18-19,18-19 EL,2019-01-09:Darussafaka Tekfen Istanbul-CSKA Moscow,E2018:133,2019-01-09 18:15:00,RS,RS,17,played,Darussafaka Tekfen Istanbul,CSKA Moscow,65,80,0
18-19,18-19 EL,2019-01-09:Panathinaikos OPAP Athens-FC Bayern Munich,E2018:134,2019-01-09 20:00:00,RS,RS,17,played,Panathinaikos OPAP Athens,FC Bayern Munich,77,67,0
18-19,18-19 EL,2019-01-09:Maccabi FOX Tel Aviv-Buducnost VOLI Podgorica,E2018:135,2019-01-09 20:05:00,RS,RS,17,played,Maccabi FOX Tel Aviv,Buducnost VOLI Podgorica,81,76,0
18-19,18-19 EL,2019-01-09:AX Armani Exchange Olimpia Milan-FC Barcelona Lassa,E2018:136,2019-01-09 20:45:00,RS,RS,17,played,AX Armani Exchange Olimpia Milan,FC Barcelona Lassa,85,90,0
18-19,18-19 EL,2019-01-10:Anadolu Efes Istanbul-Khimki Moscow Region,E2018:137,2019-01-10 18:00:00,RS,RS,18,played,Anadolu Efes Istanbul,Khimki Moscow Region,81,72,0
18-19,18-19 EL,2019-01-10:Fenerbahce Beko Istanbul-Zalgiris Kaunas,E2018:138,2019-01-10 18:45:00,RS,RS,18,played,Fenerbahce Beko Istanbul,Zalgiris Kaunas,78,61,0
18-19,18-19 EL,2019-01-10:Real Madrid-Olympiacos Piraeus,E2018:140,2019-01-10 21:00:00,RS,RS,18,played,Real Madrid,Olympiacos Piraeus,94,78,0
18-19,18-19 EL,2019-01-11:CSKA Moscow-Maccabi FOX Tel Aviv,E2018:141,2019-01-11 18:00:00,RS,RS,18,played,CSKA Moscow,Maccabi FOX Tel Aviv,76,93,0
18-19,18-19 EL,2019-01-11:Buducnost VOLI Podgorica-Darussafaka Tekfen Istanbul,E2018:142,2019-01-11 19:00:00,RS,RS,18,played,Buducnost VOLI Podgorica,Darussafaka Tekfen Istanbul,75,74,0
18-19,18-19 EL,2019-01-11:KIROLBET Baskonia Vitoria-Gasteiz-Herbalife Gran Canaria,E2018:139,2019-01-11 20:30:00,RS,RS,18,played,KIROLBET Baskonia Vitoria-Gasteiz,Herbalife Gran Canaria,83,66,0
18-19,18-19 EL,2019-01-11:FC Bayern Munich-AX Armani Exchange Olimpia Milan,E2018:143,2019-01-11 20:30:00,RS,RS,18,played,FC Bayern Munich,AX Armani Exchange Olimpia Milan,93,87,0
18-19,18-19 EL,2019-01-11:FC Barcelona Lassa-Panathinaikos OPAP Athens,E2018:144,2019-01-11 21:00:00,RS,RS,18,played,FC Barcelona Lassa,Panathinaikos OPAP Athens,79,68,0
18-19,18-19 EL,2019-01-17:CSKA Moscow-FC Bayern Munich,E2018:145,2019-01-17 18:00:00,RS,RS,19,played,CSKA Moscow,FC Bayern Munich,77,70,0
18-19,18-19 EL,2019-01-17:Olympiacos Piraeus-Khimki Moscow Region,E2018:146,2019-01-17 20:00:00,RS,RS,19,played,Olympiacos Piraeus,Khimki Moscow Region,71,57,0
18-19,18-19 EL,2019-01-17:Maccabi FOX Tel Aviv-FC Barcelona Lassa,E2018:147,2019-01-17 20:05:00,RS,RS,19,played,Maccabi FOX Tel Aviv,FC Barcelona Lassa,99,83,0
18-19,18-19 EL,2019-01-17:Herbalife Gran Canaria-Fenerbahce Beko Istanbul,E2018:148,2019-01-17 21:00:00,RS,RS,19,played,Herbalife Gran Canaria,Fenerbahce Beko Istanbul,64,82,0
18-19,18-19 EL,2019-01-18:Anadolu Efes Istanbul-Darussafaka Tekfen Istanbul,E2018:149,2019-01-18 18:30:00,RS,RS,19,played,Anadolu Efes Istanbul,Darussafaka Tekfen Istanbul,82,68,0
18-19,18-19 EL,2019-01-18:Buducnost VOLI Podgorica-Real Madrid,E2018:150,2019-01-18 19:00:00,RS,RS,19,played,Buducnost VOLI Podgorica,Real Madrid,73,60,0
18-19,18-19 EL,2019-01-18:Zalgiris Kaunas-Panathinaikos OPAP Athens,E2018:151,2019-01-18 19:00:00,RS,RS,19,played,Zalgiris Kaunas,Panathinaikos OPAP Athens,82,69,0
18-19,18-19 EL,2019-01-18:KIROLBET Baskonia Vitoria-Gasteiz-AX Armani Exchange Olimpia Milan,E2018:152,2019-01-18 21:00:00,RS,RS,19,played,KIROLBET Baskonia Vitoria-Gasteiz,AX Armani Exchange Olimpia Milan,80,75,0
18-19,18-19 EL,2019-01-24:Fenerbahce Beko Istanbul-Olympiacos Piraeus,E2018:153,2019-01-24 18:30:00,RS,RS,20,played,Fenerbahce Beko Istanbul,Olympiacos Piraeus,90,75,0
18-19,18-19 EL,2019-01-24:Maccabi FOX Tel Aviv-Panathinaikos OPAP Athens,E2018:154,2019-01-24 20:30:00,RS,RS,20,played,Maccabi FOX Tel Aviv,Panathinaikos OPAP Athens,84,75,0
18-19,18-19 EL,2019-01-24:AX Armani Exchange Olimpia Milan-Zalgiris Kaunas,E2018:155,2019-01-24 20:45:00,RS,RS,20,played,AX Armani Exchange Olimpia Milan,Zalgiris Kaunas,80,70,0
18-19,18-19 EL,2019-01-24:Real Madrid-Anadolu Efes Istanbul,E2018:156,2019-01-24 21:00:00,RS,RS,20,played,Real Madrid,Anadolu Efes Istanbul,92,84,0
18-19,18-19 EL,2019-01-25:Khimki Moscow Region-FC Bayern Munich,E2018:157,2019-01-25 18:00:00,RS,RS,20,played,Khimki Moscow Region,FC Bayern Munich,60,71,0
18-19,18-19 EL,2019-01-25:Darussafaka Tekfen Istanbul-KIROLBET Baskonia Vitoria-Gasteiz,E2018:158,2019-01-25 18:15:00,RS,RS,20,played,Darussafaka Tekfen Istanbul,KIROLBET Baskonia Vitoria-Gasteiz,80,75,0
18-19,18-19 EL,2019-01-25:Buducnost VOLI Podgorica-Herbalife Gran Canaria,E2018:159,2019-01-25 19:00:00,RS,RS,20,played,Buducnost VOLI Podgorica,Herbalife Gran Canaria,75,70,0
18-19,18-19 EL,2019-01-25:FC Barcelona Lassa-CSKA Moscow,E2018:160,2019-01-25 21:00:00,RS,RS,20,played,FC Barcelona Lassa,CSKA Moscow,76,84,0
18-19,18-19 EL,2019-01-31:Khimki Moscow Region-Zalgiris Kaunas,E2018:161,2019-01-31 18:00:00,RS,RS,21,played,Khimki Moscow Region,Zalgiris Kaunas,74,64,0
18-19,18-19 EL,2019-01-31:Olympiacos Piraeus-FC Barcelona Lassa,E2018:162,2019-01-31 20:00:00,RS,RS,21,played,Olympiacos Piraeus,FC Barcelona Lassa,55,76,0
18-19,18-19 EL,2019-01-31:FC Bayern Munich-Fenerbahce Beko Istanbul,E2018:163,2019-01-31 20:30:00,RS,RS,21,played,FC Bayern Munich,Fenerbahce Beko Istanbul,90,86,2
18-19,18-19 EL,2019-01-31:KIROLBET Baskonia Vitoria-Gasteiz-Maccabi FOX Tel Aviv,E2018:164,2019-01-31 20:45:00,RS,RS,21,played,KIROLBET Baskonia Vitoria-Gasteiz,Maccabi FOX Tel Aviv,97,73,0
18-19,18-19 EL,2019-02-01:CSKA Moscow-Buducnost VOLI Podgorica,E2018:165,2019-02-01 18:00:00,RS,RS,21,played,CSKA Moscow,Buducnost VOLI Podgorica,99,69,0
18-19,18-19 EL,2019-02-01:Darussafaka Tekfen Istanbul-Real Madrid,E2018:166,2019-02-01 18:15:00,RS,RS,21,played,Darussafaka Tekfen Istanbul,Real Madrid,82,86,0
18-19,18-19 EL,2019-02-01:Panathinaikos OPAP Athens-Anadolu Efes Istanbul,E2018:167,2019-02-01 20:30:00,RS,RS,21,played,Panathinaikos OPAP Athens,Anadolu Efes Istanbul,88,75,0
18-19,18-19 EL,2019-02-01:Herbalife Gran Canaria-AX Armani Exchange Olimpia Milan,E2018:168,2019-02-01 21:00:00,RS,RS,21,played,Herbalife Gran Canaria,AX Armani Exchange Olimpia Milan,104,106,1
18-19,18-19 EL,2019-02-07:Anadolu Efes Istanbul-Herbalife Gran Canaria,E2018:169,2019-02-07 18:30:00,RS,RS,22,played,Anadolu Efes Istanbul,Herbalife Gran Canaria,93,74,0
18-19,18-19 EL,2019-02-07:Buducnost VOLI Podgorica-Khimki Moscow Region,E2018:170,2019-02-07 19:00:00,RS,RS,22,played,Buducnost VOLI Podgorica,Khimki Moscow Region,90,98,0
18-19,18-19 EL,2019-02-07:Maccabi FOX Tel Aviv-Olympiacos Piraeus,E2018:171,2019-02-07 20:05:00,RS,RS,22,played,Maccabi FOX Tel Aviv,Olympiacos Piraeus,65,64,0
18-19,18-19 EL,2019-02-07:FC Barcelona Lassa-Zalgiris Kaunas,E2018:172,2019-02-07 21:00:00,RS,RS,22,played,FC Barcelona Lassa,Zalgiris Kaunas,78,72,0
18-19,18-19 EL,2019-02-08:CSKA Moscow-Real Madrid,E2018:173,2019-02-08 18:00:00,RS,RS,22,played,CSKA Moscow,Real Madrid,82,78,0
18-19,18-19 EL,2019-02-08:Fenerbahce Beko Istanbul-Panathinaikos OPAP Athens,E2018:174,2019-02-08 18:45:00,RS,RS,22,played,Fenerbahce Beko Istanbul,Panathinaikos OPAP Athens,85,66,0
18-19,18-19 EL,2019-02-08:KIROLBET Baskonia Vitoria-Gasteiz-FC Bayern Munich,E2018:175,2019-02-08 20:30:00,RS,RS,22,played,KIROLBET Baskonia Vitoria-Gasteiz,FC Bayern Munich,76,68,0
18-19,18-19 EL,2019-02-08:AX Armani Exchange Olimpia Milan-Darussafaka Tekfen Istanbul,E2018:176,2019-02-08 20:45:00,RS,RS,22,played,AX Armani Exchange Olimpia Milan,Darussafaka Tekfen Istanbul,90,78,0
18-19,18-19 EL,2019-02-21:CSKA Moscow-Herbalife Gran Canaria,E2018:177,2019-02-21 18:00:00,RS,RS,23,played,CSKA Moscow,Herbalife Gran Canaria,107,85,0
18-19,18-19 EL,2019-02-21:Anadolu Efes Istanbul-Olympiacos Piraeus,E2018:178,2019-02-21 18:30:00,RS,RS,23,played,Anadolu Efes Istanbul,Olympiacos Piraeus,75,65,0
18-19,18-19 EL,2019-02-21:AX Armani Exchange Olimpia Milan-Maccabi FOX Tel Aviv,E2018:179,2019-02-21 20:45:00,RS,RS,23,played,AX Armani Exchange Olimpia Milan,Maccabi FOX Tel Aviv,87,83,0
18-19,18-19 EL,2019-02-21:FC Barcelona Lassa-KIROLBET Baskonia Vitoria-Gasteiz,E2018:180,2019-02-21 21:00:00,RS,RS,23,played,FC Barcelona Lassa,KIROLBET Baskonia Vitoria-Gasteiz,77,67,0
18-19,18-19 EL,2019-02-22:Darussafaka Tekfen Istanbul-Fenerbahce Beko Istanbul,E2018:181,2019-02-22 18:15:00,RS,RS,23,played,Darussafaka Tekfen Istanbul,Fenerbahce Beko Istanbul,75,97,0
18-19,18-19 EL,2019-02-22:Zalgiris Kaunas-Buducnost VOLI Podgorica,E2018:182,2019-02-22 19:00:00,RS,RS,23,played,Zalgiris Kaunas,Buducnost VOLI Podgorica,84,76,0
18-19,18-19 EL,2019-02-22:Panathinaikos OPAP Athens-Khimki Moscow Region,E2018:183,2019-02-22 20:00:00,RS,RS,23,played,Panathinaikos OPAP Athens,Khimki Moscow Region,94,85,0
18-19,18-19 EL,2019-02-22:Real Madrid-FC Bayern Munich,E2018:184,2019-02-22 21:00:00,RS,RS,23,played,Real Madrid,FC Bayern Munich,91,78,0
18-19,18-19 EL,2019-02-28:Khimki Moscow Region-AX Armani Exchange Olimpia Milan,E2018:185,2019-02-28 18:00:00,RS,RS,24,played,Khimki Moscow Region,AX Armani Exchange Olimpia Milan,88,90,0
18-19,18-19 EL,2019-02-28:Fenerbahce Beko Istanbul-Anadolu Efes Istanbul,E2018:186,2019-02-28 18:45:00,RS,RS,24,played,Fenerbahce Beko Istanbul,Anadolu Efes Istanbul,84,66,0
18-19,18-19 EL,2019-02-28:Maccabi FOX Tel Aviv-Darussafaka Tekfen Istanbul,E2018:187,2019-02-28 20:05:00,RS,RS,24,played,Maccabi FOX Tel Aviv,Darussafaka Tekfen Istanbul,77,58,0
18-19,18-19 EL,2019-02-28:KIROLBET Baskonia Vitoria-Gasteiz-Zalgiris Kaunas,E2018:190,2019-02-28 20:30:00,RS,RS,24,played,KIROLBET Baskonia Vitoria-Gasteiz,Zalgiris Kaunas,80,73,0
18-19,18-19 EL,2019-02-28:Herbalife Gran Canaria-Panathinaikos OPAP Athens,E2018:188,2019-02-28 21:00:00,RS,RS,24,played,Herbalife Gran Canaria,Panathinaikos OPAP Athens,80,99,0
18-19,18-19 EL,2019-03-01:Buducnost VOLI Podgorica-FC Bayern Munich,E2018:189,2019-03-01 19:00:00,RS,RS,24,played,Buducnost VOLI Podgorica,FC Bayern Munich,75,89,0
18-19,18-19 EL,2019-03-01:Olympiacos Piraeus-CSKA Moscow,E2018:191,2019-03-01 20:30:00,RS,RS,24,played,Olympiacos Piraeus,CSKA Moscow,81,97,0
18-19,18-19 EL,2019-03-01:FC Barcelona Lassa-Real Madrid,E2018:192,2019-03-01 21:00:00,RS,RS,24,played,FC Barcelona Lassa,Real Madrid,77,70,0
18-19,18-19 EL,2019-03-07:Darussafaka Tekfen Istanbul-Panathinaikos OPAP Athens,E2018:193,2019-03-07 18:15:00,RS,RS,25,played,Darussafaka Tekfen Istanbul,Panathinaikos OPAP Athens,67,91,0
18-19,18-19 EL,2019-03-07:Zalgiris Kaunas-Herbalife Gran Canaria,E2018:194,2019-03-07 19:00:00,RS,RS,25,played,Zalgiris Kaunas,Herbalife Gran Canaria,98,64,0
18-19,18-19 EL,2019-03-07:FC Bayern Munich-Maccabi FOX Tel Aviv,E2018:195,2019-03-07 20:30:00,RS,RS,25,played,FC Bayern Munich,Maccabi FOX Tel Aviv,70,77,0
18-19,18-19 EL,2019-03-07:Real Madrid-Fenerbahce Beko Istanbul,E2018:196,2019-03-07 21:00:00,RS,RS,25,played,Real Madrid,Fenerbahce Beko Istanbul,101,86,0
18-19,18-19 EL,2019-03-08:CSKA Moscow-AX Armani Exchange Olimpia Milan,E2018:197,2019-03-08 18:00:00,RS,RS,25,played,CSKA Moscow,AX Armani Exchange Olimpia Milan,101,95,0
18-19,18-19 EL,2019-03-08:Anadolu Efes Istanbul-FC Barcelona Lassa,E2018:198,2019-03-08 18:30:00,RS,RS,25,played,Anadolu Efes Istanbul,FC Barcelona Lassa,92,70,0
18-19,18-19 EL,2019-03-08:Buducnost VOLI Podgorica-Olympiacos Piraeus,E2018:199,2019-03-08 19:00:00,RS,RS,25,played,Buducnost VOLI Podgorica,Olympiacos Piraeus,76,89,0
18-19,18-19 EL,2019-03-08:KIROLBET Baskonia Vitoria-Gasteiz-Khimki Moscow Region,E2018:200,2019-03-08 20:30:00,RS,RS,25,played,KIROLBET Baskonia Vitoria-Gasteiz,Khimki Moscow Region,104,86,0
18-19,18-19 EL,2019-03-14:Khimki Moscow Region-Real Madrid,E2018:201,2019-03-14 18:00:00,RS,RS,26,played,Khimki Moscow Region,Real Madrid,75,100,0
18-19,18-19 EL,2019-03-14:Zalgiris Kaunas-FC Bayern Munich,E2018:202,2019-03-14 19:00:00,RS,RS,26,played,Zalgiris Kaunas,FC Bayern Munich,85,79,0
18-19,18-19 EL,2019-03-14:Maccabi FOX Tel Aviv-Anadolu Efes Istanbul,E2018:203,2019-03-14 20:05:00,RS,RS,26,played,Maccabi FOX Tel Aviv,Anadolu Efes Istanbul,71,79,0
18-19,18-19 EL,2019-03-14:AX Armani Exchange Olimpia Milan-Olympiacos Piraeus,E2018:204,2019-03-14 20:45:00,RS,RS,26,played,AX Armani Exchange Olimpia Milan,Olympiacos Piraeus,66,57,0
18-19,18-19 EL,2019-03-14:Herbalife Gran Canaria-Darussafaka Tekfen Istanbul,E2018:205,2019-03-14 21:30:00,RS,RS,26,played,Herbalife Gran Canaria,Darussafaka Tekfen Istanbul,84,64,0
18-19,18-19 EL,2019-03-15:CSKA Moscow-Panathinaikos OPAP Athens,E2018:206,2019-03-15 18:00:00,RS,RS,26,played,CSKA Moscow,Panathinaikos OPAP Athens,77,78,0
18-19,18-19 EL,2019-03-15:Fenerbahce Beko Istanbul-FC Barcelona Lassa,E2018:207,2019-03-15 18:45:00,RS,RS,26,played,Fenerbahce Beko Istanbul,FC Barcelona Lassa,88,82,0
18-19,18-19 EL,2019-03-15:KIROLBET Baskonia Vitoria-Gasteiz-Buducnost VOLI Podgorica,E2018:208,2019-03-15 20:30:00,RS,RS,26,played,KIROLBET Baskonia Vitoria-Gasteiz,Buducnost VOLI Podgorica,82,62,0
18-19,18-19 EL,2019-03-19:Anadolu Efes Istanbul-CSKA Moscow,E2018:209,2019-03-19 18:00:00,RS,RS,27,played,Anadolu Efes Istanbul,CSKA Moscow,78,80,0
18-19,18-19 EL,2019-03-19:Fenerbahce Beko Istanbul-Buducnost VOLI Podgorica,E2018:210,2019-03-19 18:45:00,RS,RS,27,played,Fenerbahce Beko Istanbul,Buducnost VOLI Podgorica,76,67,0
18-19,18-19 EL,2019-03-19:Olympiacos Piraeus-FC Bayern Munich,E2018:211,2019-03-19 20:00:00,RS,RS,27,played,Olympiacos Piraeus,FC Bayern Munich,89,69,0
18-19,18-19 EL,2019-03-19:FC Barcelona Lassa-Herbalife Gran Canaria,E2018:212,2019-03-19 21:00:00,RS,RS,27,played,FC Barcelona Lassa,Herbalife Gran Canaria,93,64,0
18-19,18-19 EL,2019-03-20:Darussafaka Tekfen Istanbul-Khimki Moscow Region,E2018:213,2019-03-20 18:15:00,RS,RS,27,played,Darussafaka Tekfen Istanbul,Khimki Moscow Region,91,85,0
18-19,18-19 EL,2019-03-20:Panathinaikos OPAP Athens-KIROLBET Baskonia Vitoria-Gasteiz,E2018:214,2019-03-20 20:00:00,RS,RS,27,played,Panathinaikos OPAP Athens,KIROLBET Baskonia Vitoria-Gasteiz,72,70,0
18-19,18-19 EL,2019-03-20:Maccabi FOX Tel Aviv-Zalgiris Kaunas,E2018:215,2019-03-20 20:05:00,RS,RS,27,played,Maccabi FOX Tel Aviv,Zalgiris Kaunas,83,85,0
18-19,18-19 EL,2019-03-20:Real Madrid-AX Armani Exchange Olimpia Milan,E2018:216,2019-03-20 21:00:00,RS,RS,27,played,Real Madrid,AX Armani Exchange Olimpia Milan,92,89,0
18-19,18-19 EL,2019-03-21:CSKA Moscow-Fenerbahce Beko Istanbul,E2018:217,2019-03-21 18:00:00,RS,RS,28,played,CSKA Moscow,Fenerbahce Beko Istanbul,70,68,0
18-19,18-19 EL,2019-03-21:Buducnost VOLI Podgorica-Anadolu Efes Istanbul,E2018:218,2019-03-21 20:00:00,RS,RS,28,played,Buducnost VOLI Podgorica,Anadolu Efes Istanbul,84,91,0
18-19,18-19 EL,2019-03-21:FC Bayern Munich-FC Barcelona Lassa,E2018:219,2019-03-21 20:00:00,RS,RS,28,played,FC Bayern Munich,FC Barcelona Lassa,73,71,0
18-19,18-19 EL,2019-03-21:Herbalife Gran Canaria-Olympiacos Piraeus,E2018:220,2019-03-21 21:30:00,RS,RS,28,played,Herbalife Gran Canaria,Olympiacos Piraeus,90,67,0
18-19,18-19 EL,2019-03-22:Khimki Moscow Region-Maccabi FOX Tel Aviv,E2018:221,2019-03-22 18:00:00,RS,RS,28,played,Khimki Moscow Region,Maccabi FOX Tel Aviv,71,76,0
18-19,18-19 EL,2019-03-22:Zalgiris Kaunas-Darussafaka Tekfen Istanbul,E2018:222,2019-03-22 19:00:00,RS,RS,28,played,Zalgiris Kaunas,Darussafaka Tekfen Istanbul,94,67,0
18-19,18-19 EL,2019-03-22:KIROLBET Baskonia Vitoria-Gasteiz-Real Madrid,E2018:223,2019-03-22 20:30:00,RS,RS,28,played,KIROLBET Baskonia Vitoria-Gasteiz,Real Madrid,86,76,0
18-19,18-19 EL,2019-03-22:AX Armani Exchange Olimpia Milan-Panathinaikos OPAP Athens,E2018:224,2019-03-22 20:45:00,RS,RS,28,played,AX Armani Exchange Olimpia Milan,Panathinaikos OPAP Athens,83,95,0
18-19,18-19 EL,2019-03-28:Panathinaikos OPAP Athens-Real Madrid,E2018:225,2019-03-28 20:00:00,RS,RS,29,played,Panathinaikos OPAP Athens,Real Madrid,73,74,0
18-19,18-19 EL,2019-03-28:Maccabi FOX Tel Aviv-Herbalife Gran Canaria,E2018:226,2019-03-28 20:05:00,RS,RS,29,played,Maccabi FOX Tel Aviv,Herbalife Gran Canaria,90,55,0
18-19,18-19 EL,2019-03-28:AX Armani Exchange Olimpia Milan-Fenerbahce Beko Istanbul,E2018:227,2019-03-28 20:45:00,RS,RS,29,played,AX Armani Exchange Olimpia Milan,Fenerbahce Beko Istanbul,90,104,0
18-19,18-19 EL,2019-03-28:FC Barcelona Lassa-Buducnost VOLI Podgorica,E2018:228,2019-03-28 21:00:00,RS,RS,29,played,FC Barcelona Lassa,Buducnost VOLI Podgorica,95,83,0
18-19,18-19 EL,2019-03-29:Khimki Moscow Region-CSKA Moscow,E2018:229,2019-03-29 18:00:00,RS,RS,29,played,Khimki Moscow Region,CSKA Moscow,72,80,0
18-19,18-19 EL,2019-03-29:Darussafaka Tekfen Istanbul-FC Bayern Munich,E2018:230,2019-03-29 18:15:00,RS,RS,29,played,Darussafaka Tekfen Istanbul,FC Bayern Munich,92,87,0
18-19,18-19 EL,2019-03-29:KIROLBET Baskonia Vitoria-Gasteiz-Anadolu Efes Istanbul,E2018:231,2019-03-29 20:30:00,RS,RS,29,played,KIROLBET Baskonia Vitoria-Gasteiz,Anadolu Efes Istanbul,92,102,0
18-19,18-19 EL,2019-03-29:Olympiacos Piraeus-Zalgiris Kaunas,E2018:232,2019-03-29 20:30:00,RS,RS,29,played,Olympiacos Piraeus,Zalgiris Kaunas,68,72,0
18-19,18-19 EL,2019-04-04:CSKA Moscow-KIROLBET Baskonia Vitoria-Gasteiz,E2018:233,2019-04-04 19:00:00,RS,RS,30,played,CSKA Moscow,KIROLBET Baskonia Vitoria-Gasteiz,82,78,0
18-19,18-19 EL,2019-04-04:Anadolu Efes Istanbul-AX Armani Exchange Olimpia Milan,E2018:234,2019-04-04 19:30:00,RS,RS,30,played,Anadolu Efes Istanbul,AX Armani Exchange Olimpia Milan,101,95,0
18-19,18-19 EL,2019-04-04:Panathinaikos OPAP Athens-Buducnost VOLI Podgorica,E2018:235,2019-04-04 20:00:00,RS,RS,30,played,Panathinaikos OPAP Athens,Buducnost VOLI Podgorica,87,67,0
18-19,18-19 EL,2019-04-04:Real Madrid-Zalgiris Kaunas,E2018:236,2019-04-04 21:00:00,RS,RS,30,played,Real Madrid,Zalgiris Kaunas,86,93,0
18-19,18-19 EL,2019-04-05:Fenerbahce Beko Istanbul-Maccabi FOX Tel Aviv,E2018:237,2019-04-05 19:45:00,RS,RS,30,played,Fenerbahce Beko Istanbul,Maccabi FOX Tel Aviv,78,75,0
18-19,18-19 EL,2019-04-05:FC Bayern Munich-Herbalife Gran Canaria,E2018:238,2019-04-05 20:00:00,RS,RS,30,played,FC Bayern Munich,Herbalife Gran Canaria,84,77,0
18-19,18-19 EL,2019-04-05:Olympiacos Piraeus-Darussafaka Tekfen Istanbul,E2018:239,2019-04-05 20:30:00,RS,RS,30,played,Olympiacos Piraeus,Darussafaka Tekfen Istanbul,99,74,0
18-19,18-19 EL,2019-04-05:FC Barcelona Lassa-Khimki Moscow Region,E2018:240,2019-04-05 21:00:00,RS,RS,30,played,FC Barcelona Lassa,Khimki Moscow Region,83,74,0
18-19,18-19 EL,2019-04-16:CSKA Moscow-KIROLBET Baskonia Vitoria-Gasteiz,E2018:244,2019-04-16 19:00:00,PO,PO,1,played,CSKA Moscow,KIROLBET Baskonia Vitoria-Gasteiz,94,68,0
18-19,18-19 EL,2019-04-16:Fenerbahce Beko Istanbul-Zalgiris Kaunas,E2018:241,2019-04-16 19:45:00,PO,PO,1,played,Fenerbahce Beko Istanbul,Zalgiris Kaunas,76,43,0
18-19,18-19 EL,2019-04-17:Anadolu Efes Istanbul-FC Barcelona Lassa,E2018:242,2019-04-17 19:00:00,PO,PO,1,played,Anadolu Efes Istanbul,FC Barcelona Lassa,75,68,0
18-19,18-19 EL,2019-04-17:Real Madrid-Panathinaikos OPAP Athens,E2018:243,2019-04-17 21:15:00,PO,PO,1,played,Real Madrid,Panathinaikos OPAP Athens,75,72,0
18-19,18-19 EL,2019-04-18:CSKA Moscow-KIROLBET Baskonia Vitoria-Gasteiz,E2018:248,2019-04-18 19:00:00,PO,PO,2,played,CSKA Moscow,KIROLBET Baskonia Vitoria-Gasteiz,68,78,0
18-19,18-19 EL,2019-04-18:Fenerbahce Beko Istanbul-Zalgiris Kaunas,E2018:245,2019-04-18 19:45:00,PO,PO,2,played,Fenerbahce Beko Istanbul,Zalgiris Kaunas,80,82,0
18-19,18-19 EL,2019-04-19:Anadolu Efes Istanbul-FC Barcelona Lassa,E2018:246,2019-04-19 19:15:00,PO,PO,2,played,Anadolu Efes Istanbul,FC Barcelona Lassa,72,74,0
18-19,18-19 EL,2019-04-19:Real Madrid-Panathinaikos OPAP Athens,E2018:247,2019-04-19 21:15:00,PO,PO,2,played,Real Madrid,Panathinaikos OPAP Athens,78,63,0
18-19,18-19 EL,2019-04-23:Zalgiris Kaunas-Fenerbahce Beko Istanbul,E2018:249,2019-04-23 19:00:00,PO,PO,3,played,Zalgiris Kaunas,Fenerbahce Beko Istanbul,57,66,0
18-19,18-19 EL,2019-04-23:Panathinaikos OPAP Athens-Real Madrid,E2018:251,2019-04-23 20:00:00,PO,PO,3,played,Panathinaikos OPAP Athens,Real Madrid,82,89,0
18-19,18-19 EL,2019-04-24:KIROLBET Baskonia Vitoria-Gasteiz-CSKA Moscow,E2018:252,2019-04-24 20:30:00,PO,PO,3,played,KIROLBET Baskonia Vitoria-Gasteiz,CSKA Moscow,77,84,0
18-19,18-19 EL,2019-04-24:FC Barcelona Lassa-Anadolu Efes Istanbul,E2018:250,2019-04-24 21:00:00,PO,PO,3,played,FC Barcelona Lassa,Anadolu Efes Istanbul,68,102,0
18-19,18-19 EL,2019-04-25:Zalgiris Kaunas-Fenerbahce Beko Istanbul,E2018:253,2019-04-25 19:00:00,PO,PO,4,played,Zalgiris Kaunas,Fenerbahce Beko Istanbul,82,99,0
18-19,18-19 EL,2019-04-26:KIROLBET Baskonia Vitoria-Gasteiz-CSKA Moscow,E2018:255,2019-04-26 20:30:00,PO,PO,4,played,KIROLBET Baskonia Vitoria-Gasteiz,CSKA Moscow,83,92,0
18-19,18-19 EL,2019-04-26:FC Barcelona Lassa-Anadolu Efes Istanbul,E2018:254,2019-04-26 21:00:00,PO,PO,4,played,FC Barcelona Lassa,Anadolu Efes Istanbul,82,72,0
18-19,18-19 EL,2019-05-01:Anadolu Efes Istanbul-FC Barcelona Lassa,E2018:256,2019-05-01 19:00:00,PO,PO,5,played,Anadolu Efes Istanbul,FC Barcelona Lassa,80,71,0
18-19,18-19 EL,2019-05-17:Fenerbahce Beko Istanbul-Anadolu Efes Istanbul,E2018:257,2019-05-17 18:00:00,PO,F4,36,played,Fenerbahce Beko Istanbul,Anadolu Efes Istanbul,73,92,0
18-19,18-19 EL,2019-05-17:CSKA Moscow-Real Madrid,E2018:258,2019-05-17 21:00:00,PO,F4,36,played,CSKA Moscow,Real Madrid,95,90,0
18-19,18-19 EL,2019-05-19:Fenerbahce Beko Istanbul-Real Madrid,E2018:259,2019-05-19 17:30:00,PO,F4,37,played,Fenerbahce Beko Istanbul,Real Madrid,75,94,0
18-19,18-19 EL,2019-05-19:Anadolu Efes Istanbul-CSKA Moscow,E2018:260,2019-05-19 20:30:00,PO,F4,37,played,Anadolu Efes Istanbul,CSKA Moscow,83,91,0
